tourney_id,tourney_name,surface,draw_size,tourney_level,tourney_date,match_num,winner_id,winner_seed,winner_entry,winner_name,winner_hand,winner_ht,winner_ioc,winner_age,loser_id,loser_seed,loser_entry,loser_name,loser_hand,loser_ht,loser_ioc,loser_age,score,best_of,round,minutes,w_ace,w_df,w_svpt,w_1stIn,w_1stWon,w_2ndWon,w_SvGms,w_bpSaved,w_bpFaced,l_ace,l_df,l_svpt,l_1stIn,l_1stWon,l_2ndWon,l_SvGms,l_bpSaved,l_bpFaced,winner_rank,winner_rank_points,loser_rank,loser_rank_points
2026-AustralianOpen,Australian Open,Hard,,,20260119,,104925,4,,Novak Djokovic,,,,,206173,2,,Jannik Sinner,,,,,3-6 6-3 4-6 6-4 6-4,,SF,249,,,,,,,,,,,,,,,,,5,8,4,,2,
2026-AustralianOpen,Australian Open,Hard,,,20260119,,206173,2,,Jannik Sinner,,,,,210097,8,,Ben Shelton,,,,,6-3 6-4 6-4,,QF,143,,,,,,,,4,4,,,,,,,,,,2,,7,
2026-AustralianOpen,Australian Open,Hard,,,20260119,,206173,2,,Jannik Sinner,,,,,209260,22,,Luciano Darderi,,,,,6-1 6-3 7-6(2),,R16,129,,,,,,,,6,6,,,,,,,,,,2,,25,
2026-AustralianOpen,Australian Open,Hard,,,20260119,,206173,2,,Jannik Sinner,,,,,208118,,,Eliot Spizzirri,,,,,4-6 6-3 6-4 6-4,,R32,225,,,,,,,,10,16,,,,,,,,,,2,,85,
2026-AustralianOpen,Australian Open,Hard,,,20260119,,206173,2,,Jannik Sinner,,,,,105902,,,(WC)James Duckworth,,,,,6-1 6-4 6-2,,R64,109,,,,,,,,3,3,,,,,,,,,,2,,88,
2026-AustralianOpen,Australian Open,Hard,,,20260119,,206173,2,,Jannik Sinner,,,,,200384,,,Hugo Gaston,,,,,6-2 6-1 0-0 RET,,R128,68,,,,,,,,3,3,,,,,,,,,,2,,93,
2025-TourFinals,Tour Finals,Hard,,,20251109,,206173,2,,Jannik Sinner,,,,,207989,1,,Carlos Alcaraz,,,,,7-6(4) 7-5,,F,135,,,,,,,,2,3,,,,,,,,,,2,,1,
2025-TourFinals,Tour Finals,Hard,,,20251109,,206173,2,,Jannik Sinner,,,,,200282,7,,Alex De Minaur,,,,,7-5 6-2,,SF,112,,,,,,,,4,4,,,,,,,,,,2,,7,
2025-TourFinals,Tour Finals,Hard,,,20251109,,206173,2,,Jannik Sinner,,,,,100644,3,,Alexander Zverev,,,,,6-4 6-3,,RR,97,,,,,,,,7,7,,,,,,,,,,2,,3,
2025-TourFinals,Tour Finals,Hard,,,20251109,,206173,2,,Jannik Sinner,,,,,210097,5,,Ben Shelton,,,,,6-3 7-6(3),,RR,94,,,,,,,,1,1,,,,,,,,,,2,,5,
2025-TourFinals,Tour Finals,Hard,,,20251109,,206173,2,,Jannik Sinner,,,,,200000,8,,Felix Auger Aliassime,,,,,7-5 6-1,,RR,100,,,,,,,,0,0,,,,,,,,,,2,,8,
2025-ParisMasters,Paris Masters,Hard,,,20251027,,206173,2,,Jannik Sinner,,,,,200000,9,,Felix Auger Aliassime,,,,,6-4 7-6(4),,F,112,,,,,,,,0,0,,,,,,,,,,2,,10,
2025-ParisMasters,Paris Masters,Hard,,,20251027,,206173,2,,Jannik Sinner,,,,,100644,3,,Alexander Zverev,,,,,6-0 6-1,,SF,62,,,,,,,,0,0,,,,,,,,,,2,,3,
2025-ParisMasters,Paris Masters,Hard,,,20251027,,206173,2,,Jannik Sinner,,,,,210097,5,,Ben Shelton,,,,,6-3 6-3,,QF,69,,,,,,,,0,1,,,,,,,,,,2,,7,
2025-ParisMasters,Paris Masters,Hard,,,20251027,,206173,2,,Jannik Sinner,,,,,202103,,,Francisco Cerundolo,,,,,7-5 6-1,,R16,85,,,,,,,,1,3,,,,,,,,,,2,,21,
2025-ParisMasters,Paris Masters,Hard,,,20251027,,206173,2,,Jannik Sinner,,,,,200267,,,Zizou Bergs,,,,,6-4 6-2,,R32,87,,,,,,,,0,0,,,,,,,,,,2,,41,
2025-Vienna,Vienna,Hard,,,20251020,,206173,1,,Jannik Sinner,,,,,100644,2,,Alexander Zverev,,,,,3-6 6-3 7-5,,F,148,,,,,,,,3,4,,,,,,,,,,2,,3,
2025-Vienna,Vienna,Hard,,,20251020,,206173,1,,Jannik Sinner,,,,,200282,3,,Alex De Minaur,,,,,6-3 6-4,,SF,87,,,,,,,,0,2,,,,,,,,,,2,,7,
2025-Vienna,Vienna,Hard,,,20251020,,206173,1,,Jannik Sinner,,,,,122330,8,,Alexander Bublik,,,,,6-4 6-4,,QF,76,,,,,,,,0,0,,,,,,,,,,2,,16,
2025-Vienna,Vienna,Hard,,,20251020,,206173,1,,Jannik Sinner,,,,,207925,,,Flavio Cobolli,,,,,6-2 7-6(4),,R16,107,,,,,,,,0,0,,,,,,,,,,2,,22,
2025-Vienna,Vienna,Hard,,,20251020,,206173,1,,Jannik Sinner,,,,,127157,,,Daniel Altmaier,,,,,6-0 6-2,,R32,58,,,,,,,,0,0,,,,,,,,,,2,,51,
2026-AustralianOpen,Australian Open,Hard,,,20260119,,207989,1,,Carlos Alcaraz,,,,,100644,3,,Alexander Zverev,,,,,6-4 7-6(5) 6-7(3) 6-7(4) 7-5,,SF,327,,,,,,,,,,,,,,,,,10,14,1,,3,
2026-AustralianOpen,Australian Open,Hard,,,20260119,,100644,3,,Alexander Zverev,,,,,210530,25,,Learner Tien,,,,,6-3 6-7(5) 6-1 7-6(3),,QF,190,,,,,,,,3,3,,,,,,,,,,3,,29,
2026-AustralianOpen,Australian Open,Hard,,,20260119,,100644,3,,Alexander Zverev,,,,,202103,18,,Francisco Cerundolo,,,,,6-2 6-4 6-4,,R16,132,,,,,,,,1,2,,,,,,,,,,3,,21,
2026-AustralianOpen,Australian Open,Hard,,,20260119,,100644,3,,Alexander Zverev,,,,,111815,26,,Cameron Norrie,,,,,7-5 4-6 6-3 6-1,,R32,166,,,,,,,,3,5,,,,,,,,,,3,,27,
2026-AustralianOpen,Australian Open,Hard,,,20260119,,100644,3,,Alexander Zverev,,,,,124186,,,Alexandre Muller,,,,,6-3 4-6 6-3 6-4,,R64,184,,,,,,,,5,8,,,,,,,,,,3,,52,
2026-AustralianOpen,Australian Open,Hard,,,20260119,,100644,3,,Alexander Zverev,,,,,209113,,,Gabriel Diallo,,,,,6-7(1) 6-1 6-4 6-2,,R128,163,,,,,,,,1,2,,,,,,,,,,3,,41,
2026-UnitedCup,United Cup,Hard,,,20260102,,128034,9,,Hubert Hurkacz,,,,,100644,6,,Alexander Zverev,,,,,6-3 6-4,,RR,82,,,,,,,,,,,,,,,,,1,3,,,,
2026-UnitedCup,United Cup,Hard,,,20260102,,100644,6,,Alexander Zverev,,,,,134868,15,,Tallon Griekspoor,,,,,7-5 6-0,,RR,69,,,,,,,,2,2,,,,,,,,,,,,,
2025-DavisCupFinalsSFESPv,Davis Cup Finals SF: ESP vs GER,Hard,,,20251122,,100644,,,Alexander Zverev,,,,,144719,,,Jaume Munar,,,,,7-6(2) 7-6(5),,RR,,,,,,,,,,,,,,,,,,,,3,,36,
2025-DavisCupFinalsQFARGv,Davis Cup Finals QF: ARG vs GER,Hard,,,20251120,,100644,,,Alexander Zverev,,,,,202103,,,Francisco Cerundolo,,,,,6-4 7-6(3),,RR,,,,,,,,,,,,,,,,,,,,3,,21,
2025-TourFinals,Tour Finals,Hard,,,20251109,,100644,3,,Alexander Zverev,,,,,210097,5,,Ben Shelton,,,,,6-3 7-6(6),,RR,93,,,,,,,,0,0,,,,,,,,,,3,,5,
2025-TourFinals,Tour Finals,Hard,,,20251109,,200000,8,,Felix Auger Aliassime,,,,,100644,3,,Alexander Zverev,,,,,6-4 7-6(4),,RR,127,,,,,,,,,,,,,,,,,6,7,8,,3,
2025-ParisMasters,Paris Masters,Hard,,,20251027,,100644,3,,Alexander Zverev,,,,,106421,11,,Daniil Medvedev,,,,,2-6 6-3 7-6(5),,QF,150,,,,,,,,6,10,,,,,,,,,,3,,13,
2025-ParisMasters,Paris Masters,Hard,,,20251027,,100644,3,,Alexander Zverev,,,,,200221,15,,Alejandro Davidovich Fokina,,,,,6-2 6-4,,R16,96,,,,,,,,3,4,,,,,,,,,,3,,15,
2025-ParisMasters,Paris Masters,Hard,,,20251027,,100644,3,,Alexander Zverev,,,,,200116,,,Camilo Ugo Carabelli,,,,,6-7(5) 6-1 7-5,,R32,155,,,,,,,,0,1,,,,,,,,,,3,,49,
2025-Vienna,Vienna,Hard,,,20251020,,100644,2,,Alexander Zverev,,,,,207518,4,,Lorenzo Musetti,,,,,6-4 7-5,,SF,92,,,,,,,,0,0,,,,,,,,,,3,,8,
2025-Vienna,Vienna,Hard,,,20251020,,100644,2,,Alexander Zverev,,,,,134868,,,Tallon Griekspoor,,,,,W/O,,QF,,,,,,,,,,,,,,,,,,,,3,,28,
2025-Vienna,Vienna,Hard,,,20251020,,100644,2,,Alexander Zverev,,,,,208286,,,(Q)Matteo Arnaldi,,,,,6-4 6-4,,R16,87,,,,,,,,1,1,,,,,,,,,,3,,72,
2025-Vienna,Vienna,Hard,,,20251020,,100644,2,,Alexander Zverev,,,,,207985,,,(Q)Jacob Fearnley,,,,,6-4 1-6 7-6(5),,R32,139,,,,,,,,0,2,,,,,,,,,,3,,81,
2026-AustralianOpen,Australian Open,Hard,,,20260119,,207989,1,,Carlos Alcaraz,,,,,104925,4,,Novak Djokovic,,,,,2-6 6-2 6-3 7-5,,F,182,,,,,,,,4,6,,,,,,,,,,1,,4,
2026-AustralianOpen,Australian Open,Hard,,,20260119,,207989,1,,Carlos Alcaraz,,,,,200282,6,,Alex De Minaur,,,,,7-5 6-2 6-1,,QF,135,,,,,,,,5,7,,,,,,,,,,1,,6,
2026-AustralianOpen,Australian Open,Hard,,,20260119,,207989,1,,Carlos Alcaraz,,,,,126205,19,,Tommy Paul,,,,,7-6(6) 6-4 7-5,,R16,164,,,,,,,,1,2,,,,,,,,,,1,,20,
2026-AustralianOpen,Australian Open,Hard,,,20260119,,207989,1,,Carlos Alcaraz,,,,,144895,32,,Corentin Moutet,,,,,6-2 6-4 6-1,,R32,125,,,,,,,,2,4,,,,,,,,,,1,,37,
2026-AustralianOpen,Australian Open,Hard,,,20260119,,207989,1,,Carlos Alcaraz,,,,,105870,,,Yannick Hanfmann,,,,,7-6(4) 6-3 6-2,,R64,165,,,,,,,,6,7,,,,,,,,,,1,,102,
2026-AustralianOpen,Australian Open,Hard,,,20260119,,207989,1,,Carlos Alcaraz,,,,,200443,,,Adam Walton,,,,,6-3 7-6(2) 6-2,,R128,125,,,,,,,,0,1,,,,,,,,,,1,,81,
2025-TourFinals,Tour Finals,Hard,,,20251109,,207989,1,,Carlos Alcaraz,,,,,200000,8,,Felix Auger Aliassime,,,,,6-2 6-4,,SF,82,,,,,,,,1,1,,,,,,,,,,1,,8,
2025-TourFinals,Tour Finals,Hard,,,20251109,,207989,1,,Carlos Alcaraz,,,,,207518,9,,Lorenzo Musetti,,,,,6-4 6-1,,RR,83,,,,,,,,2,2,,,,,,,,,,1,,9,
2025-TourFinals,Tour Finals,Hard,,,20251109,,207989,1,,Carlos Alcaraz,,,,,126203,6,,Taylor Fritz,,,,,6-7(2) 7-5 6-3,,RR,168,,,,,,,,8,9,,,,,,,,,,1,,6,
2025-TourFinals,Tour Finals,Hard,,,20251109,,207989,1,,Carlos Alcaraz,,,,,200282,7,,Alex De Minaur,,,,,7-6(5) 6-2,,RR,100,,,,,,,,3,5,,,,,,,,,,1,,7,
2025-ParisMasters,Paris Masters,Hard,,,20251027,,111815,,,Cameron Norrie,,,,,207989,1,,Carlos Alcaraz,,,,,4-6 6-3 6-4,,R32,142,,,,,,,,,,,,,,,,,5,7,31,,1,
2025-Tokyo,Tokyo,Hard,,,20250924,,207989,1,,Carlos Alcaraz,,,,,126203,2,,Taylor Fritz,,,,,6-4 6-4,,F,93,,,,,,,,2,3,,,,,,,,,,1,,5,
2025-Tokyo,Tokyo,Hard,,,20250924,,207989,1,,Carlos Alcaraz,,,,,134770,4,,Casper Ruud,,,,,3-6 6-3 6-4,,SF,128,,,,,,,,3,4,,,,,,,,,,1,,12,
2025-Tokyo,Tokyo,Hard,,,20250924,,207989,1,,Carlos Alcaraz,,,,,206909,,,Brandon Nakashima,,,,,6-2 6-4,,QF,80,,,,,,,,0,0,,,,,,,,,,1,,33,
2025-Tokyo,Tokyo,Hard,,,20250924,,207989,1,,Carlos Alcaraz,,,,,200267,,,Zizou Bergs,,,,,6-4 6-3,,R16,79,,,,,,,,3,6,,,,,,,,,,1,,45,
2025-Tokyo,Tokyo,Hard,,,20250924,,207989,1,,Carlos Alcaraz,,,,,202104,,,Sebastian Baez,,,,,6-4 6-2,,R32,90,,,,,,,,1,2,,,,,,,,,,1,,41,
2025-LaverCup,Laver Cup,Hard,,,20250919,,126203,,,Taylor Fritz,,,,,207989,,,Carlos Alcaraz,,,,,6-3 6-2,,RR,71,,,,,,,,,,,,,,,,,1,4,5,,1,
2025-LaverCup,Laver Cup,Hard,,,20250919,,207989,,,Carlos Alcaraz,,,,,202103,,,Francisco Cerundolo,,,,,6-2 6-1,,RR,72,,,,,,,,2,3,,,,,,,,,,1,,21,
2026-AustralianOpen,Australian Open,Hard,,,20260119,,207518,5,,Lorenzo Musetti,,,,,126203,9,,Taylor Fritz,,,,,6-2 7-5 6-4,,R16,123,,,,,,,,,,,,,,,,,5,9,5,,9,
2026-AustralianOpen,Australian Open,Hard,,,20260119,,126203,9,,Taylor Fritz,,,,,107408,,,(WC)Stan Wawrinka,,,,,7-6(5) 2-6 6-4 6-4,,R32,166,,,,,,,,5,7,,,,,,,,,,9,,139,
2026-AustralianOpen,Australian Open,Hard,,,20260119,,126203,9,,Taylor Fritz,,,,,200240,,,Vit Kopriva,,,,,6-1 6-4 7-6(4),,R64,118,,,,,,,,2,3,,,,,,,,,,9,,101,
2026-AustralianOpen,Australian Open,Hard,,,20260119,,126203,9,,Taylor Fritz,,,,,208316,,,Valentin Royer,,,,,7-6(5) 5-7 6-1 6-3,,R128,182,,,,,,,,4,7,,,,,,,,,,9,,58,
2026-UnitedCup,United Cup,Hard,,,20260102,,128034,9,,Hubert Hurkacz,,,,,126203,1,,Taylor Fritz,,,,,7-6(1) 7-6(2),,SF,94,,,,,,,,,,,,,,,,,1,1,,,,
2026-UnitedCup,United Cup,Hard,,,20260102,,126774,12,,Stefanos Tsitsipas,,,,,126203,1,,Taylor Fritz,,,,,6-4 7-5,,QF,81,,,,,,,,,,,,,,,,,1,3,,,,
2026-UnitedCup,United Cup,Hard,,,20260102,,126203,1,,Taylor Fritz,,,,,144719,10,,Jaume Munar,,,,,7-6(4) 3-6 7-6(6),,RR,193,,,,,,,,5,6,,,,,,,,,,,,,
2026-UnitedCup,United Cup,Hard,,,20260102,,202104,14,,Sebastian Baez,,,,,126203,1,,Taylor Fritz,,,,,4-6 7-5 6-4,,RR,153,,,,,,,,,,,,,,,,,4,8,,,,
2025-TourFinals,Tour Finals,Hard,,,20251109,,126203,6,,Taylor Fritz,,,,,207518,9,,Lorenzo Musetti,,,,,6-3 6-4,,RR,102,,,,,,,,4,4,,,,,,,,,,6,,9,
2025-TourFinals,Tour Finals,Hard,,,20251109,,200282,7,,Alex De Minaur,,,,,126203,6,,Taylor Fritz,,,,,7-6(3) 6-3,,RR,94,,,,,,,,,,,,,,,,,2,4,7,,6,
2025-ParisMasters,Paris Masters,Hard,,,20251027,,122330,13,,Alexander Bublik,,,,,126203,4,,Taylor Fritz,,,,,7-6(5) 6-2,,R16,86,,,,,,,,,,,,,,,,,8,10,16,,4,
2025-ParisMasters,Paris Masters,Hard,,,20251027,,126203,4,,Taylor Fritz,,,,,126846,,,(Q)Aleksandar Vukic,,,,,7-6(4) 6-2,,R32,95,,,,,,,,3,3,,,,,,,,,,4,,103,
2025-Basel,Basel,Hard,,,20251020,,200005,,,Ugo Humbert,,,,,126203,1,,Taylor Fritz,,,,,6-3 6-4,,R16,79,,,,,,,,,,,,,,,,,3,5,24,,4,
2025-Basel,Basel,Hard,,,20251020,,126203,1,,Taylor Fritz,,,,,200473,,,(WC)Valentin Vacherot,,,,,4-6 7-6(4) 7-5,,R32,156,,,,,,,,7,11,,,,,,,,,,4,,39,
2025-ShanghaiMasters,Shanghai Masters,Hard,,,20251001,,208659,32,,Giovanni Mpetshi Perricard,,,,,126203,5,,Taylor Fritz,,,,,6-4 7-5,,R32,85,,,,,,,,,,,,,,,,,4,6,37,,4,
2025-ShanghaiMasters,Shanghai Masters,Hard,,,20251001,,126203,5,,Taylor Fritz,,,,,206681,,,Fabian Marozsan,,,,,2-6 7-6(4) 7-6(1),,R64,140,,,,,,,,3,5,,,,,,,,,,4,,52,
2025-Tokyo,Tokyo,Hard,,,20250924,,126203,2,,Taylor Fritz,,,,,202385,,,(PR)Jenson Brooksby,,,,,6-4 6-3,,SF,90,,,,,,,,2,2,,,,,,,,,,5,,86,
2025-Tokyo,Tokyo,Hard,,,20250924,,126203,2,,Taylor Fritz,,,,,200624,,,Sebastian Korda,,,,,6-3 6-7(5) 6-3,,QF,138,,,,,,,,6,7,,,,,,,,,,5,,74,
2025-Tokyo,Tokyo,Hard,,,20250924,,126203,2,,Taylor Fritz,,,,,132686,,,Nuno Borges,,,,,7-5 7-6(4),,R16,113,,,,,,,,2,5,,,,,,,,,,5,,51,
2025-Tokyo,Tokyo,Hard,,,20250924,,126203,2,,Taylor Fritz,,,,,209113,,,Gabriel Diallo,,,,,4-6 6-3 7-6(3),,R32,129,,,,,,,,1,3,,,,,,,,,,5,,35,
2026-AustralianOpen,Australian Open,Hard,,,20260119,,210530,25,,Learner Tien,,,,,106421,11,,Daniil Medvedev,,,,,6-4 6-0 6-3,,R16,102,,,,,,,,,,,,,,,,,3,10,29,,12,
2026-AustralianOpen,Australian Open,Hard,,,20260119,,106421,11,,Daniil Medvedev,,,,,206681,,,Fabian Marozsan,,,,,6-7(5) 4-6 7-5 6-0 6-3,,R32,223,,,,,,,,5,12,,,,,,,,,,12,,47,
2026-AustralianOpen,Australian Open,Hard,,,20260119,,106421,11,,Daniil Medvedev,,,,,111460,,,Quentin Halys,,,,,6-7(9) 6-3 6-4 6-2,,R64,182,,,,,,,,10,12,,,,,,,,,,12,,83,
2026-AustralianOpen,Australian Open,Hard,,,20260119,,106421,11,,Daniil Medvedev,,,,,207411,,,Jesper De Jong,,,,,7-5 6-2 7-6(2),,R128,172,,,,,,,,6,10,,,,,,,,,,12,,73,
2026-Brisbane,Brisbane,Hard,,,20260104,,106421,1,,Daniil Medvedev,,,,,206909,,,Brandon Nakashima,,,,,6-2 7-6(1),,F,95,,,,,,,,3,4,,,,,,,,,,13,,33,
2026-Brisbane,Brisbane,Hard,,,20260104,,106421,1,,Daniil Medvedev,,,,,210506,,,Alex Michelsen,,,,,6-4 6-2,,SF,102,,,,,,,,7,8,,,,,,,,,,13,,37,
2026-Brisbane,Brisbane,Hard,,,20260104,,106421,1,,Daniil Medvedev,,,,,211358,,,(LL)Kamil Majchrzak,,,,,6-7(4) 6-3 6-2,,QF,132,,,,,,,,5,6,,,,,,,,,,13,,59,
2026-Brisbane,Brisbane,Hard,,,20260104,,106421,1,,Daniil Medvedev,,,,,126207,,,Frances Tiafoe,,,,,6-3 6-2,,R16,60,,,,,,,,0,0,,,,,,,,,,13,,30,
2026-Brisbane,Brisbane,Hard,,,20260104,,106421,1,,Daniil Medvedev,,,,,105916,,,Marton Fucsovics,,,,,6-2 6-3,,R32,69,,,,,,,,2,4,,,,,,,,,,13,,54,
2025-ParisMasters,Paris Masters,Hard,,,20251027,,106421,11,,Daniil Medvedev,,,,,132283,,,Lorenzo Sonego,,,,,3-6 7-6(5) 6-4,,R16,159,,,,,,,,6,8,,,,,,,,,,13,,45,
2025-ParisMasters,Paris Masters,Hard,,,20251027,,106421,11,,Daniil Medvedev,,,,,105777,,,Grigor Dimitrov,,,,,W/O,,R32,,,,,,,,,,,,,,,,,,,,13,,38,
2025-ParisMasters,Paris Masters,Hard,,,20251027,,106421,11,,Daniil Medvedev,,,,,144719,,,Jaume Munar,,,,,6-1 6-3,,R64,70,,,,,,,,0,0,,,,,,,,,,13,,36,
2025-Vienna,Vienna,Hard,,,20251020,,144895,,,Corentin Moutet,,,,,106421,6,,Daniil Medvedev,,,,,7-6(3) 6-4,,R16,135,,,,,,,,,,,,,,,,,2,6,36,,14,
2025-Vienna,Vienna,Hard,,,20251020,,106421,6,,Daniil Medvedev,,,,,132686,,,Nuno Borges,,,,,6-4 6-7(7) 6-2,,R32,138,,,,,,,,4,4,,,,,,,,,,14,,47,
2025-Almaty,Almaty,Hard,,,20251013,,106421,2,,Daniil Medvedev,,,,,144895,8,,Corentin Moutet,,,,,7-5 4-6 6-3,,F,156,,,,,,,,2,5,,,,,,,,,,14,,41,
2025-Almaty,Almaty,Hard,,,20251013,,106421,2,,Daniil Medvedev,,,,,105902,,,(Q)James Duckworth,,,,,6-7(8) 6-3 6-2,,SF,132,,,,,,,,1,1,,,,,,,,,,14,,138,
2025-Almaty,Almaty,Hard,,,20251013,,106421,2,,Daniil Medvedev,,,,,206681,,,Fabian Marozsan,,,,,7-5 6-2,,QF,66,,,,,,,,3,3,,,,,,,,,,14,,52,
2025-Almaty,Almaty,Hard,,,20251013,,106421,2,,Daniil Medvedev,,,,,200443,,,Adam Walton,,,,,7-5 7-6(0),,R16,104,,,,,,,,5,6,,,,,,,,,,14,,76,
2025-ShanghaiMasters,Shanghai Masters,Hard,,,20251001,,126239,,,Arthur Rinderknech,,,,,106421,16,,Daniil Medvedev,,,,,4-6 6-2 6-4,,SF,149,,,,,,,,,,,,,,,,,3,6,54,,18,
2025-ShanghaiMasters,Shanghai Masters,Hard,,,20251001,,106421,16,,Daniil Medvedev,,,,,200282,7,,Alex De Minaur,,,,,6-4 6-4,,QF,113,,,,,,,,6,6,,,,,,,,,,18,,7,
2025-ShanghaiMasters,Shanghai Masters,Hard,,,20251001,,106421,16,,Daniil Medvedev,,,,,210530,,,Learner Tien,,,,,7-6(6) 6-7(1) 6-4,,R16,172,,,,,,,,2,5,,,,,,,,,,18,,36,
2025-ShanghaiMasters,Shanghai Masters,Hard,,,20251001,,106421,16,,Daniil Medvedev,,,,,200221,18,,Alejandro Davidovich Fokina,,,,,6-3 7-6(5),,R32,111,,,,,,,,1,1,,,,,,,,,,18,,20,
2025-ShanghaiMasters,Shanghai Masters,Hard,,,20251001,,106421,16,,Daniil Medvedev,,,,,207494,,,(Q)Dalibor Svrcina,,,,,6-1 6-1,,R64,60,,,,,,,,0,0,,,,,,,,,,18,,91,
2026-AustralianOpen,Australian Open,Hard,,,20260119,,207989,1,,Carlos Alcaraz,,,,,134770,6,,Alex de Minaur,,,,,7-5 6-2 6-1,,QF,135,,,,,,,,,,,,,,,,,9,16,1,,6,
2026-AustralianOpen,Australian Open,Hard,,,20260119,,134770,6,,Alex de Minaur,,,,,122330,10,,Alexander Bublik,,,,,6-4 6-1 6-1,,R16,92,,,,,,,,0,0,,,,,,,,,,6,,10,
2026-AustralianOpen,Australian Open,Hard,,,20260119,,134770,6,,Alex de Minaur,,,,,126207,29,,Frances Tiafoe,,,,,6-3 6-4 7-5,,R32,163,,,,,,,,3,5,,,,,,,,,,6,,34,
2026-AustralianOpen,Australian Open,Hard,,,20260119,,134770,6,,Alex de Minaur,,,,,209098,,,Hamad Medjedovic,,,,,6-7(5) 6-2 6-2 6-1,,R64,184,,,,,,,,2,3,,,,,,,,,,6,,90,
2026-AustralianOpen,Australian Open,Hard,,,20260119,,134770,6,,Alex de Minaur,,,,,213360,,,(LL)Mackenzie Mcdonald,,,,,6-2 6-2 6-3,,R128,108,,,,,,,,1,1,,,,,,,,,,6,,113,
2026-UnitedCup,United Cup,Hard,,,20260102,,134770,4,,Alex de Minaur,,,,,128034,9,,Hubert Hurkacz,,,,,6-4 4-6 6-4,,QF,138,,,,,,,,10,11,,,,,,,,,,,,,
2026-UnitedCup,United Cup,Hard,,,20260102,,134770,4,,Alex de Minaur,,,,,210150,11,,Jakub Mensik,,,,,6-4 6-1,,RR,91,,,,,,,,4,4,,,,,,,,,,,,,
2026-UnitedCup,United Cup,Hard,,,20260102,,134770,17,,Casper Ruud,,,,,134770,4,,Alex de Minaur,,,,,6-3 6-3,,RR,93,,,,,,,,,,,,,,,,,7,10,,,,
2025-TourFinals,Tour Finals,Hard,,,20251109,,206173,2,,Jannik Sinner,,,,,134770,7,,Alex de Minaur,,,,,7-5 6-2,,SF,112,,,,,,,,,,,,,,,,,10,13,2,,7,
2025-TourFinals,Tour Finals,Hard,,,20251109,,207989,1,,Carlos Alcaraz,,,,,134770,7,,Alex de Minaur,,,,,7-6(5) 6-2,,RR,100,,,,,,,,,,,,,,,,,3,7,1,,7,
2025-TourFinals,Tour Finals,Hard,,,20251109,,207518,9,,Lorenzo Musetti,,,,,134770,7,,Alex de Minaur,,,,,7-5 3-6 7-5,,RR,167,,,,,,,,,,,,,,,,,9,12,9,,7,
2025-TourFinals,Tour Finals,Hard,,,20251109,,134770,7,,Alex de Minaur,,,,,126203,6,,Taylor Fritz,,,,,7-6(3) 6-3,,RR,94,,,,,,,,0,1,,,,,,,,,,7,,6,
2025-ParisMasters,Paris Masters,Hard,,,20251027,,122330,13,,Alexander Bublik,,,,,134770,6,,Alex de Minaur,,,,,6-7(5) 6-4 7-5,,QF,142,,,,,,,,,,,,,,,,,3,5,16,,6,
2025-ParisMasters,Paris Masters,Hard,,,20251027,,134770,6,,Alex de Minaur,,,,,111575,10,,Karen Khachanov,,,,,6-2 6-2,,R16,68,,,,,,,,3,3,,,,,,,,,,6,,14,
2025-ParisMasters,Paris Masters,Hard,,,20251027,,134770,6,,Alex de Minaur,,,,,209113,,,Gabriel Diallo,,,,,7-6(8) 4-6 6-3,,R32,157,,,,,,,,5,9,,,,,,,,,,6,,42,
2025-Vienna,Vienna,Hard,,,20251020,,206173,1,,Jannik Sinner,,,,,134770,3,,Alex de Minaur,,,,,6-3 6-4,,SF,87,,,,,,,,,,,,,,,,,1,5,2,,7,
2025-Vienna,Vienna,Hard,,,20251020,,134770,3,,Alex de Minaur,,,,,126610,,,Matteo Berrettini,,,,,6-1 7-6(4),,QF,103,,,,,,,,1,3,,,,,,,,,,7,,59,
2025-Vienna,Vienna,Hard,,,20251020,,134770,3,,Alex de Minaur,,,,,209209,,,(WC)Filip Misolic,,,,,6-4 6-4,,R16,88,,,,,,,,3,3,,,,,,,,,,7,,95,
2025-Vienna,Vienna,Hard,,,20251020,,134770,3,,Alex de Minaur,,,,,204801,,,(WC)Jurij Rodionov,,,,,6-4 6-1,,R32,80,,,,,,,,2,2,,,,,,,,,,7,,154,
2025-ShanghaiMasters,Shanghai Masters,Hard,,,20251001,,106421,16,,Daniil Medvedev,,,,,134770,7,,Alex de Minaur,,,,,6-4 6-4,,QF,113,,,,,,,,,,,,,,,,,4,6,18,,7,
2025-ShanghaiMasters,Shanghai Masters,Hard,,,20251001,,134770,7,,Alex de Minaur,,,,,132686,,,Nuno Borges,,,,,7-5 6-2,,R16,107,,,,,,,,3,3,,,,,,,,,,7,,51,
2025-ShanghaiMasters,Shanghai Masters,Hard,,,20251001,,134770,7,,Alex de Minaur,,,,,111794,,,Kamil Majchrzak,,,,,6-1 7-5,,R32,87,,,,,,,,1,2,,,,,,,,,,7,,66,
2025-ShanghaiMasters,Shanghai Masters,Hard,,,20251001,,134770,7,,Alex de Minaur,,,,,200116,,,Camilo Ugo Carabelli,,,,,6-4 6-2,,R64,88,,,,,,,,0,0,,,,,,,,,,7,,45,
2026-AustralianOpen,Australian Open,Hard,,,20260119,,104925,4,,Novak Djokovic,,,,,207518,5,,Lorenzo Musetti,,,,,4-6 3-6 3-1 RET,,QF,128,,,,,,,,6,11,,,,,,,,,,4,,5,
2026-AustralianOpen,Australian Open,Hard,,,20260119,,104925,4,,Novak Djokovic,,,,,210150,16,,Jakub Mensik,,,,,W/O,,R16,,,,,,,,,,,,,,,,,,,,4,,17,
2026-AustralianOpen,Australian Open,Hard,,,20260119,,104925,4,,Novak Djokovic,,,,,122298,,,Botic Van De Zandschulp,,,,,6-3 6-4 7-6(4),,R32,164,,,,,,,,5,7,,,,,,,,,,4,,75,
2026-AustralianOpen,Australian Open,Hard,,,20260119,,104925,4,,Novak Djokovic,,,,,208353,,,(Q)Francesco Maestrelli,,,,,6-3 6-2 6-2,,R64,135,,,,,,,,4,5,,,,,,,,,,4,,141,
2026-AustralianOpen,Australian Open,Hard,,,20260119,,104925,4,,Novak Djokovic,,,,,124079,,,Pedro Martinez,,,,,6-3 6-2 6-2,,R128,120,,,,,,,,0,0,,,,,,,,,,4,,71,
2025-Athens,Athens,Hard,,,20251102,,104925,1,,Novak Djokovic,,,,,207518,2,,Lorenzo Musetti,,,,,4-6 6-3 7-5,,F,179,,,,,,,,6,9,,,,,,,,,,5,,9,
2025-Athens,Athens,Hard,,,20251102,,104925,1,,Novak Djokovic,,,,,105870,,,(Q)Yannick Hanfmann,,,,,6-3 6-4,,SF,79,,,,,,,,0,1,,,,,,,,,,5,,117,
2025-Athens,Athens,Hard,,,20251102,,104925,1,,Novak Djokovic,,,,,132686,6,,Nuno Borges,,,,,7-6(1) 6-4,,QF,103,,,,,,,,2,2,,,,,,,,,,5,,47,
2025-Athens,Athens,Hard,,,20251102,,104925,1,,Novak Djokovic,,,,,126214,,,Alejandro Tabilo,,,,,7-6(3) 6-1,,R16,99,,,,,,,,1,1,,,,,,,,,,5,,89,
2025-ShanghaiMasters,Shanghai Masters,Hard,,,20251001,,200473,,,(Q)Valentin Vacherot,,,,,104925,4,,Novak Djokovic,,,,,6-3 6-4,,SF,102,,,,,,,,,,,,,,,,,3,6,204,,5,
2025-ShanghaiMasters,Shanghai Masters,Hard,,,20251001,,104925,4,,Novak Djokovic,,,,,200267,,,Zizou Bergs,,,,,6-3 7-5,,QF,110,,,,,,,,4,5,,,,,,,,,,5,,44,
2025-ShanghaiMasters,Shanghai Masters,Hard,,,20251001,,104925,4,,Novak Djokovic,,,,,144719,,,Jaume Munar,,,,,6-3 5-7 6-2,,R16,161,,,,,,,,1,2,,,,,,,,,,5,,41,
2025-ShanghaiMasters,Shanghai Masters,Hard,,,20251001,,104925,4,,Novak Djokovic,,,,,105870,,,(Q)Yannick Hanfmann,,,,,4-6 7-5 6-3,,R32,162,,,,,,,,2,3,,,,,,,,,,5,,150,
2025-ShanghaiMasters,Shanghai Masters,Hard,,,20251001,,104925,4,,Novak Djokovic,,,,,105227,,,Marin Cilic,,,,,7-6(2) 6-4,,R64,114,,,,,,,,4,4,,,,,,,,,,5,,94,
2025-USOpen,US Open,Hard,,,20250825,,207989,2,,Carlos Alcaraz,,,,,104925,7,,Novak Djokovic,,,,,6-4 7-6(4) 6-2,,SF,143,,,,,,,,,,,,,,,,,3,7,2,,7,
2025-USOpen,US Open,Hard,,,20250825,,104925,7,,Novak Djokovic,,,,,126203,4,,Taylor Fritz,,,,,6-3 7-5 3-6 6-4,,QF,204,,,,,,,,11,13,,,,,,,,,,7,,4,
2025-USOpen,US Open,Hard,,,20250825,,104925,7,,Novak Djokovic,,,,,105526,,,(Q)Jan Lennard Struff,,,,,6-3 6-3 6-2,,R16,109,,,,,,,,0,1,,,,,,,,,,7,,144,
2025-USOpen,US Open,Hard,,,20250825,,104925,7,,Novak Djokovic,,,,,111815,,,Cameron Norrie,,,,,6-4 6-7(4) 6-2 6-3,,R32,170,,,,,,,,0,1,,,,,,,,,,7,,35,
2025-USOpen,US Open,Hard,,,20250825,,104925,7,,Novak Djokovic,,,,,212216,,,(Q)Zachary Svajda,,,,,6-7(5) 6-3 6-3 6-1,,R64,151,,,,,,,,2,3,,,,,,,,,,7,,145,
2025-USOpen,US Open,Hard,,,20250825,,104925,7,,Novak Djokovic,,,,,210530,,,Learner Tien,,,,,6-1 7-6(3) 6-2,,R128,145,,,,,,,,6,8,,,,,,,,,,7,,50,
2026-AustralianOpen,Australian Open,Hard,,,20260119,,210097,8,,Ben Shelton,,,,,126094,12,,Casper Ruud,,,,,3-6 6-4 6-3 6-4,,R16,156,,,,,,,,,,,,,,,,,8,11,7,,13,
2026-AustralianOpen,Australian Open,Hard,,,20260119,,126094,12,,Casper Ruud,,,,,105227,,,Marin Cilic,,,,,6-4 6-4 3-6 7-5,,R32,184,,,,,,,,8,10,,,,,,,,,,13,,70,
2026-AustralianOpen,Australian Open,Hard,,,20260119,,126094,12,,Casper Ruud,,,,,144719,,,Jaume Munar,,,,,6-3 7-5 6-4,,R64,147,,,,,,,,2,2,,,,,,,,,,13,,39,
2026-AustralianOpen,Australian Open,Hard,,,20260119,,126094,12,,Casper Ruud,,,,,208233,,,Mattia Bellucci,,,,,6-1 6-2 6-4,,R128,100,,,,,,,,1,1,,,,,,,,,,13,,76,
2026-Auckland,Auckland,Hard,,,20260112,,206681,,,Fabian Marozsan,,,,,126094,2,,Casper Ruud,,,,,6-4 6-4,,R16,81,,,,,,,,,,,,,,,,,7,9,52,,13,
2026-UnitedCup,United Cup,Hard,,,20260102,,126094,17,,Casper Ruud,,,,,200282,4,,Alex De Minaur,,,,,6-3 6-3,,RR,93,,,,,,,,5,5,,,,,,,,,,,,,
2026-UnitedCup,United Cup,Hard,,,20260102,,210150,11,,Jakub Mensik,,,,,126094,17,,Casper Ruud,,,,,7-5 7-6(6),,RR,128,,,,,,,,,,,,,,,,,3,6,,,,
2025-ParisMasters,Paris Masters,Hard,,,20251027,,127157,,,Daniel Altmaier,,,,,126094,8,,Casper Ruud,,,,,6-3 7-5,,R32,85,,,,,,,,,,,,,,,,,2,5,50,,9,
2025-Basel,Basel,Hard,,,20251020,,200221,8,,Alejandro Davidovich Fokina,,,,,126094,4,,Casper Ruud,,,,,7-6(1) 0-0 RET,,QF,57,,,,,,,,,,,,,,,,,7,7,18,,11,
2025-Basel,Basel,Hard,,,20251020,,126094,4,,Casper Ruud,,,,,107408,,,(WC)Stan Wawrinka,,,,,6-4 7-6(5),,R16,101,,,,,,,,2,4,,,,,,,,,,11,,158,
2025-Basel,Basel,Hard,,,20251020,,126094,4,,Casper Ruud,,,,,111460,,,(LL)Quentin Halys,,,,,6-1 7-6(3),,R32,75,,,,,,,,0,1,,,,,,,,,,11,,78,
2025-Stockholm,Stockholm,Hard,,,20251013,,126094,2,,Casper Ruud,,,,,200005,4,,Ugo Humbert,,,,,6-2 6-3,,F,66,,,,,,,,0,0,,,,,,,,,,12,,25,
2025-Stockholm,Stockholm,Hard,,,20251013,,126094,2,,Casper Ruud,,,,,133430,3,,Denis Shapovalov,,,,,6-3 6-4,,SF,79,,,,,,,,4,5,,,,,,,,,,12,,23,
2025-Stockholm,Stockholm,Hard,,,20251013,,126094,2,,Casper Ruud,,,,,200624,,,Sebastian Korda,,,,,6-7(5) 6-4 6-4,,QF,150,,,,,,,,6,7,,,,,,,,,,12,,60,
2025-Stockholm,Stockholm,Hard,,,20251013,,126094,2,,Casper Ruud,,,,,105227,,,Marin Cilic,,,,,7-6(2) 6-4,,R16,109,,,,,,,,0,1,,,,,,,,,,12,,92,
2025-ShanghaiMasters,Shanghai Masters,Hard,,,20251001,,200267,,,Zizou Bergs,,,,,126094,11,,Casper Ruud,,,,,3-6 7-5 4-1 RET,,R64,128,,,,,,,,,,,,,,,,,2,4,44,,12,
2025-Tokyo,Tokyo,Hard,,,20250924,,126094,4,,Casper Ruud,,,,,126846,,,(Q)Aleksandar Vukic,,,,,6-3 6-2,,QF,58,,,,,,,,2,2,,,,,,,,,,12,,95,
2025-Tokyo,Tokyo,Hard,,,20250924,,126094,4,,Casper Ruud,,,,,126610,,,Matteo Berrettini,,,,,7-6(4) 6-2,,R16,98,,,,,,,,0,0,,,,,,,,,,12,,56,
2025-Tokyo,Tokyo,Hard,,,20250924,,126094,4,,Casper Ruud,,,,,208278,,,(WC)Shintaro Mochizuki,,,,,4-6 6-1 6-1,,R32,99,,,,,,,,4,6,,,,,,,,,,12,,106,
2026-AustralianOpen,Australian Open,Hard,,,20260119,,202103,18,,Francisco Cerundolo,,,,,200282,13,,Andrey Rublev,,,,,6-3 7-6(4) 6-3,,R32,128,,,,,,,,,,,,,,,,,3,6,21,,15,
2026-AustralianOpen,Australian Open,Hard,,,20260119,,200282,13,,Andrey Rublev,,,,,210262,,,(Q)Jaime Faria,,,,,6-4 6-3 4-6 7-5,,R64,170,,,,,,,,10,12,,,,,,,,,,15,,151,
2026-AustralianOpen,Australian Open,Hard,,,20260119,,200282,13,,Andrey Rublev,,,,,208286,,,Matteo Arnaldi,,,,,6-4 6-2 6-3,,R128,112,,,,,,,,6,6,,,,,,,,,,15,,65,
2026-HongKong,Hong Kong,Hard,,,20260105,,207518,1,,Lorenzo Musetti,,,,,200282,3,,Andrey Rublev,,,,,6-7(3) 7-5 6-4,,SF,163,,,,,,,,,,,,,,,,,7,10,7,,16,
2026-HongKong,Hong Kong,Hard,,,20260105,,200282,3,,Andrey Rublev,,,,,132686,8,,Nuno Borges,,,,,6-3 6-4,,QF,73,,,,,,,,1,1,,,,,,,,,,16,,45,
2026-HongKong,Hong Kong,Hard,,,20260105,,200282,3,,Andrey Rublev,,,,,208167,,,(WC)Yibing Wu,,,,,3-6 6-2 6-1,,R16,97,,,,,,,,3,5,,,,,,,,,,16,,179,
2025-ParisMasters,Paris Masters,Hard,,,20251027,,210097,5,,Ben Shelton,,,,,200282,12,,Andrey Rublev,,,,,7-6(6) 6-3,,R16,95,,,,,,,,,,,,,,,,,4,6,7,,17,
2025-ParisMasters,Paris Masters,Hard,,,20251027,,200282,12,,Andrey Rublev,,,,,210530,,,Learner Tien,,,,,6-4 6-4,,R32,80,,,,,,,,8,9,,,,,,,,,,17,,39,
2025-ParisMasters,Paris Masters,Hard,,,20251027,,200282,12,,Andrey Rublev,,,,,207985,,,(Q)Jacob Fearnley,,,,,6-1 6-4,,R64,78,,,,,,,,2,3,,,,,,,,,,17,,78,
2025-Vienna,Vienna,Hard,,,20251020,,111815,,,Cameron Norrie,,,,,200282,7,,Andrey Rublev,,,,,6-2 6-7(5) 6-2,,R32,126,,,,,,,,,,,,,,,,,8,13,35,,15,
2025-ShanghaiMasters,Shanghai Masters,Hard,,,20251001,,208506,,,(Q)Yoshihito Nishioka,,,,,200282,13,,Andrey Rublev,,,,,2-6 6-1 6-4,,R64,107,,,,,,,,,,,,,,,,,2,5,173,,14,
2025-Beijing,Beijing,Hard,,,20250925,,207925,,,Flavio Cobolli,,,,,200282,6,,Andrey Rublev,,,,,7-6(3) 6-3,,R32,112,,,,,,,,,,,,,,,,,9,12,25,,14,
2025-Hangzhou,Hangzhou,Hard,,,20250917,,208316,,,(Q)Valentin Royer,,,,,200282,1,,Andrey Rublev,,,,,6-4 7-6(2),,R16,108,,,,,,,,,,,,,,,,,3,5,88,,14,
2025-USOpen,US Open,Hard,,,20250825,,200000,25,,Felix Auger Aliassime,,,,,200282,15,,Andrey Rublev,,,,,7-5 6-3 6-4,,R16,136,,,,,,,,,,,,,,,,,3,7,27,,15,
2025-USOpen,US Open,Hard,,,20250825,,200282,15,,Andrey Rublev,,,,,212971,,,(Q)Coleman Wong,,,,,2-6 6-4 6-3 4-6 6-3,,R32,190,,,,,,,,3,6,,,,,,,,,,15,,173,
2025-USOpen,US Open,Hard,,,20250825,,200282,15,,Andrey Rublev,,,,,208142,,,(WC)Tristan Boyer,,,,,6-3 6-3 5-7 7-6(4),,R64,175,,,,,,,,4,7,,,,,,,,,,15,,113,
2025-USOpen,US Open,Hard,,,20250825,,200282,15,,Andrey Rublev,,,,,209976,,,(Q)Dino Prizmic,,,,,6-4 6-4 6-4,,R128,120,,,,,,,,3,3,,,,,,,,,,15,,124,
2025-CincinnatiMasters,Cincinnati Masters,Hard,,,20250807,,207989,2,,Carlos Alcaraz,,,,,200282,9,,Andrey Rublev,,,,,6-3 4-6 7-5,,QF,137,,,,,,,,,,,,,,,,,2,6,2,,11,
2025-CincinnatiMasters,Cincinnati Masters,Hard,,,20250807,,200282,9,,Andrey Rublev,,,,,207681,,,Francisco Comesana,,,,,6-2 6-3,,R16,64,,,,,,,,1,2,,,,,,,,,,11,,71,
2025-CincinnatiMasters,Cincinnati Masters,Hard,,,20250807,,200282,9,,Andrey Rublev,,,,,200615,21,,Alexei Popyrin,,,,,6-7(5) 7-6(5) 7-5,,R32,209,,,,,,,,5,6,,,,,,,,,,11,,19,
2025-CincinnatiMasters,Cincinnati Masters,Hard,,,20250807,,200282,9,,Andrey Rublev,,,,,210530,,,Learner Tien,,,,,7-6(4) 6-3,,R64,104,,,,,,,,3,4,,,,,,,,,,11,,55,
2026-AustralianOpen,Australian Open,Hard,,,20260119,,207830,,,Tomas Machac,,,,,105777,,,Grigor Dimitrov,,,,,6-4 6-4 6-3,,R128,105,,,,,,,,,,,,,,,,,6,10,24,,45,
2026-Brisbane,Brisbane,Hard,,,20260104,,212262,,,(Q)Raphael Collignon,,,,,105777,,,Grigor Dimitrov,,,,,7-6(1) 6-3,,R16,108,,,,,,,,,,,,,,,,,6,7,84,,47,
2026-Brisbane,Brisbane,Hard,,,20260104,,105777,,,Grigor Dimitrov,,,,,,,,(Q)Pablo Carreno Busta,,,,,6-3 6-2,,R32,67,,,,,,,,1,1,,,,,,,,,,47,,92,
2025-ParisMasters,Paris Masters,Hard,,,20251027,,105777,,,Grigor Dimitrov,,,,,208659,,,Giovanni Mpetshi Perricard,,,,,7-6(5) 6-1,,R64,95,,,,,,,,3,3,,,,,,,,,,38,,56,
2025-Wimbledon,Wimbledon,Grass,,,20250630,,206173,1,,Jannik Sinner,,,,,105777,19,,Grigor Dimitrov,,,,,3-6 5-7 2-2 RET,,R16,128,,,,,,,,,,,,,,,,,1,2,1,,21,
2025-Wimbledon,Wimbledon,Grass,,,20250630,,105777,19,,Grigor Dimitrov,,,,,124116,,,Sebastian Ofner,,,,,6-3 6-4 7-6(0),,R32,145,,,,,,,,2,3,,,,,,,,,,21,,165,
2025-Wimbledon,Wimbledon,Grass,,,20250630,,105777,19,,Grigor Dimitrov,,,,,144895,,,Corentin Moutet,,,,,7-5 4-6 7-5 7-5,,R64,218,,,,,,,,5,9,,,,,,,,,,21,,69,
2025-Wimbledon,Wimbledon,Grass,,,20250630,,105777,19,,Grigor Dimitrov,,,,,106415,,,Yoshihito Nishioka,,,,,6-2 6-3 6-4,,R128,99,,,,,,,,0,0,,,,,,,,,,21,,82,
2025-RolandGarros,Roland Garros,Clay,,,20250526,,210319,,,(Q)Ethan Quinn,,,,,105777,16,,Grigor Dimitrov,,,,,2-6 3-6 6-2 RET,,R128,,,,,,,,,,,,,,,,,,4,7,106,,17,
2025-RomeMasters,Rome Masters,Clay,,,20250507,,208859,,,(WC)Francesco Passaro,,,,,105777,14,,Grigor Dimitrov,,,,,7-5 6-3,,R64,104,,,,,,,,,,,,,,,,,10,14,101,,15,
2025-MadridMasters,Madrid Masters,Clay,,,20250423,,209113,,,(LL)Gabriel Diallo,,,,,105777,15,,Grigor Dimitrov,,,,,5-7 7-6(7) 6-4,,R16,142,,,,,,,,,,,,,,,,,3,4,78,,16,
2025-MadridMasters,Madrid Masters,Clay,,,20250423,,105777,15,,Grigor Dimitrov,,,,,207985,,,(Q)Jacob Fearnley,,,,,6-4 7-6(3),,R32,117,,,,,,,,4,6,,,,,,,,,,16,,68,
2025-MadridMasters,Madrid Masters,Clay,,,20250423,,105777,15,,Grigor Dimitrov,,,,,111797,,,Nicolas Jarry,,,,,6-3 6-4,,R64,97,,,,,,,,5,5,,,,,,,,,,16,,57,
2025-MonteCarloMasters,Monte Carlo Masters,Clay,,,20250407,,200282,8,,Alex De Minaur,,,,,105777,15,,Grigor Dimitrov,,,,,6-0 6-0,,QF,44,,,,,,,,,,,,,,,,,2,8,10,,18,
2025-MonteCarloMasters,Monte Carlo Masters,Clay,,,20250407,,105777,15,,Grigor Dimitrov,,,,,126214,,,Alejandro Tabilo,,,,,6-3 3-6 6-2,,R16,116,,,,,,,,2,5,,,,,,,,,,18,,32,
2025-MonteCarloMasters,Monte Carlo Masters,Clay,,,20250407,,105777,15,,Grigor Dimitrov,,,,,200473,,,(WC)Valentin Vacherot,,,,,4-6 6-3 6-1,,R32,111,,,,,,,,7,11,,,,,,,,,,18,,255,
2025-MonteCarloMasters,Monte Carlo Masters,Clay,,,20250407,,105777,15,,Grigor Dimitrov,,,,,111797,,,Nicolas Jarry,,,,,6-3 6-4,,R64,106,,,,,,,,7,9,,,,,,,,,,18,,58,
2025-MiamiMasters,Miami Masters,Hard,,,20250319,,104925,4,,Novak Djokovic,,,,,105777,14,,Grigor Dimitrov,,,,,6-2 6-3,,SF,70,,,,,,,,,,,,,,,,,2,6,5,,15,
2025-MiamiMasters,Miami Masters,Hard,,,20250319,,105777,14,,Grigor Dimitrov,,,,,202103,23,,Francisco Cerundolo,,,,,6-7(6) 6-4 7-6(3),,QF,168,,,,,,,,3,5,,,,,,,,,,15,,24,
2025-MiamiMasters,Miami Masters,Hard,,,20250319,,105777,14,,Grigor Dimitrov,,,,,206909,31,,Brandon Nakashima,,,,,6-4 7-5,,R16,83,,,,,,,,0,0,,,,,,,,,,15,,32,
2025-MiamiMasters,Miami Masters,Hard,,,20250319,,105777,14,,Grigor Dimitrov,,,,,111575,22,,Karen Khachanov,,,,,6-7(3) 6-4 7-5,,R32,157,,,,,,,,5,5,,,,,,,,,,15,,23,
2025-MiamiMasters,Miami Masters,Hard,,,20250319,,105777,14,,Grigor Dimitrov,,,,,210748,,,(WC)Federico Cina,,,,,6-1 6-4,,R64,68,,,,,,,,2,2,,,,,,,,,,15,,441,
2026-AustralianOpen,Australian Open,Hard,,,20260119,,126774,19,,Tommy Paul,,,,,200221,14,,Alejandro Davidovich Fokina,,,,,6-1 6-1 0-0 RET,,R32,59,,,,,,,,0,0,,,,,,,,,,20,,14,
2026-AustralianOpen,Australian Open,Hard,,,20260119,,126774,19,,Tommy Paul,,,,,202058,,,Thiago Agustin Tirante,,,,,6-3 6-4 6-2,,R64,122,,,,,,,,4,4,,,,,,,,,,20,,103,
2026-AustralianOpen,Australian Open,Hard,,,20260119,,126774,19,,Tommy Paul,,,,,206499,,,Aleksandar Kovacevic,,,,,6-4 6-3 6-3,,R128,93,,,,,,,,0,0,,,,,,,,,,20,,56,
2026-Adelaide,Adelaide,Hard,,,20260112,,207830,8,,Tomas Machac,,,,,126774,2,,Tommy Paul,,,,,2-6 6-3 6-3,,SF,111,,,,,,,,,,,,,,,,,5,8,35,,21,
2026-Adelaide,Adelaide,Hard,,,20260112,,126774,2,,Tommy Paul,,,,,126846,,,(Q)Aleksandar Vukic,,,,,6-3 6-2,,QF,62,,,,,,,,0,1,,,,,,,,,,21,,87,
2026-Adelaide,Adelaide,Hard,,,20260112,,126774,2,,Tommy Paul,,,,,124187,,,Reilly Opelka,,,,,6-4 6-4,,R16,71,,,,,,,,0,0,,,,,,,,,,21,,62,
2026-Brisbane,Brisbane,Hard,,,20260104,,208659,,,Giovanni Mpetshi Perricard,,,,,126774,4,,Tommy Paul,,,,,7-6(2) 3-6 7-6(6),,R32,131,,,,,,,,,,,,,,,,,1,1,67,,20,
2025-USOpen,US Open,Hard,,,20250825,,122330,23,,Alexander Bublik,,,,,126774,14,,Tommy Paul,,,,,7-6(5) 6-7(4) 6-3 6-7(5) 6-1,,R32,218,,,,,,,,,,,,,,,,,5,8,24,,14,
2025-USOpen,US Open,Hard,,,20250825,,126774,14,,Tommy Paul,,,,,132686,,,Nuno Borges,,,,,7-6(6) 6-3 5-7 5-7 7-5,,R64,265,,,,,,,,9,16,,,,,,,,,,14,,41,
2025-USOpen,US Open,Hard,,,20250825,,126774,14,,Tommy Paul,,,,,209284,,,Elmer Moller,,,,,6-3 6-3 6-1,,R128,108,,,,,,,,0,0,,,,,,,,,,14,,109,
2025-CincinnatiMasters,Cincinnati Masters,Hard,,,20250807,,120335,,,(Q)Adrian Mannarino,,,,,126774,13,,Tommy Paul,,,,,5-7 6-3 6-4,,R32,159,,,,,,,,,,,,,,,,,5,8,89,,16,
2025-CincinnatiMasters,Cincinnati Masters,Hard,,,20250807,,126774,13,,Tommy Paul,,,,,124079,,,Pedro Martinez,,,,,6-2 6-2,,R64,91,,,,,,,,6,6,,,,,,,,,,16,,66,
2025-Wimbledon,Wimbledon,Grass,,,20250630,,124116,,,Sebastian Ofner,,,,,126774,13,,Tommy Paul,,,,,1-6 7-5 6-4 7-5,,R64,175,,,,,,,,,,,,,,,,,0,4,165,,13,
2025-Wimbledon,Wimbledon,Grass,,,20250630,,126774,13,,Tommy Paul,,,,,208902,,,(WC)Johannus Monday,,,,,6-4 6-4 6-2,,R128,103,,,,,,,,2,2,,,,,,,,,,13,,224,
2025-Eastbourne,Eastbourne,Grass,,,20250623,,211305,,,(WC)Daniel Evans,,,,,126774,2,,Tommy Paul,,,,,6-4 3-6 6-3,,R16,134,,,,,,,,,,,,,,,,,10,14,170,,13,
2025-RolandGarros,Roland Garros,Clay,,,20250526,,207989,2,,Carlos Alcaraz,,,,,126774,12,,Tommy Paul,,,,,6-0 6-1 6-4,,QF,,,,,,,,,,,,,,,,,,11,17,2,,12,
2025-RolandGarros,Roland Garros,Clay,,,20250526,,126774,12,,Tommy Paul,,,,,200615,25,,Alexei Popyrin,,,,,6-3 6-3 6-3,,R16,,,,,,,,,9,10,,,,,,,,,,12,,25,
2025-RolandGarros,Roland Garros,Clay,,,20250526,,126774,12,,Tommy Paul,,,,,111575,24,,Karen Khachanov,,,,,6-3 3-6 7-6(7) 3-6 6-3,,R32,,,,,,,,,9,15,,,,,,,,,,12,,24,
2025-RolandGarros,Roland Garros,Clay,,,20250526,,126774,12,,Tommy Paul,,,,,105916,,,Marton Fucsovics,,,,,4-6 2-6 6-3 7-5 6-4,,R64,,,,,,,,,6,11,,,,,,,,,,12,,124,
2025-RolandGarros,Roland Garros,Clay,,,20250526,,126774,12,,Tommy Paul,,,,,209284,,,(LL)Elmer Moller,,,,,6-7(5) 6-2 6-3 6-1,,R128,,,,,,,,,5,9,,,,,,,,,,12,,112,
2026-AustralianOpen,Australian Open,Hard,,,20260119,,200282,6,,Alex De Minaur,,,,,126205,29,,Frances Tiafoe,,,,,6-3 6-4 7-5,,R32,163,,,,,,,,,,,,,,,,,7,12,6,,34,
2026-AustralianOpen,Australian Open,Hard,,,20260119,,126205,29,,Frances Tiafoe,,,,,207681,,,Francisco Comesana,,,,,6-4 6-3 4-6 6-2,,R64,190,,,,,,,,4,5,,,,,,,,,,34,,68,
2026-AustralianOpen,Australian Open,Hard,,,20260119,,126205,29,,Frances Tiafoe,,,,,106186,,,(Q)Jason Kubler,,,,,7-6(4) 6-3 6-2,,R128,133,,,,,,,,5,6,,,,,,,,,,34,,194,
2026-Brisbane,Brisbane,Hard,,,20260104,,126205,,,Frances Tiafoe,,,,,126846,,,(WC)Aleksandar Vukic,,,,,6-2 6-2,,R32,60,,,,,,,,0,0,,,,,,,,,,30,,87,
2025-ShanghaiMasters,Shanghai Masters,Hard,,,20251001,,105870,,,(Q)Yannick Hanfmann,,,,,126205,25,,Frances Tiafoe,,,,,6-7(9) 6-2 6-1,,R64,170,,,,,,,,,,,,,,,,,12,18,150,,28,
2025-Tokyo,Tokyo,Hard,,,20250924,,105916,,,(Q)Marton Fucsovics,,,,,126205,8,,Frances Tiafoe,,,,,3-6 6-1 7-5,,R32,147,,,,,,,,,,,,,,,,,9,13,58,,29,
2025-DavisCupQLSR2USAvsCZ,Davis Cup QLS R2: USA vs CZE,Hard,,,20250912,,208103,,,Jiri Lehecka,,,,,126205,,,Frances Tiafoe,,,,,6-3 6-2,,RR,,,,,,,,,,,,,,,,,,,,16,,29,
2025-DavisCupQLSR2USAvsCZ,Davis Cup QLS R2: USA vs CZE,Hard,,,20250912,,210150,,,Jakub Mensik,,,,,126205,,,Frances Tiafoe,,,,,6-1 6-4,,RR,,,,,,,,,,,,,,,,,,,,17,,29,
2025-USOpen,US Open,Hard,,,20250825,,105526,,,(Q)Jan Lennard Struff,,,,,126205,17,,Frances Tiafoe,,,,,6-4 6-3 7-6(7),,R32,130,,,,,,,,,,,,,,,,,5,10,144,,17,
2025-USOpen,US Open,Hard,,,20250825,,126205,17,,Frances Tiafoe,,,,,213455,,,(Q)Martin Damm,,,,,6-4 7-5 6-7(8) 7-5,,R64,176,,,,,,,,3,3,,,,,,,,,,17,,431,
2025-USOpen,US Open,Hard,,,20250825,,126205,17,,Frances Tiafoe,,,,,106415,,,Yoshihito Nishioka,,,,,6-3 7-6(6) 6-3,,R128,148,,,,,,,,4,6,,,,,,,,,,17,,149,
2025-CincinnatiMasters,Cincinnati Masters,Hard,,,20250807,,208029,7,,Holger Rune,,,,,126205,10,,Frances Tiafoe,,,,,6-4 3-1 RET,,R16,72,,,,,,,,,,,,,,,,,2,5,9,,14,
2025-CincinnatiMasters,Cincinnati Masters,Hard,,,20250807,,126205,10,,Frances Tiafoe,,,,,200005,20,,Ugo Humbert,,,,,6-4 6-4,,R32,83,,,,,,,,1,2,,,,,,,,,,14,,25,
2025-CincinnatiMasters,Cincinnati Masters,Hard,,,20250807,,126205,10,,Frances Tiafoe,,,,,106148,,,Roberto Carballes Baena,,,,,6-4 6-3,,R64,90,,,,,,,,1,4,,,,,,,,,,14,,87,
2025-CanadaMasters,Canada Masters,Hard,,,20250727,,200282,9,,Alex De Minaur,,,,,126205,7,,Frances Tiafoe,,,,,6-2 4-6 6-4,,R16,144,,,,,,,,,,,,,,,,,5,10,8,,12,
2025-CanadaMasters,Canada Masters,Hard,,,20250727,,126205,7,,Frances Tiafoe,,,,,126846,,,Aleksandar Vukic,,,,,6-3 4-6 6-3,,R32,110,,,,,,,,2,4,,,,,,,,,,12,,99,
2025-CanadaMasters,Canada Masters,Hard,,,20250727,,126205,7,,Frances Tiafoe,,,,,133297,,,(Q)Yosuke Watanuki,,,,,1-6 7-5 7-6(5),,R64,133,,,,,,,,7,9,,,,,,,,,,12,,158,
2025-Washington,Washington,Hard,,,20250721,,210097,4,,Ben Shelton,,,,,126205,6,,Frances Tiafoe,,,,,7-6(2) 6-4,,QF,117,,,,,,,,,,,,,,,,,8,10,8,,11,
2025-Washington,Washington,Hard,,,20250721,,126205,6,,Frances Tiafoe,,,,,207925,9,,Flavio Cobolli,,,,,6-1 6-4,,R16,72,,,,,,,,4,5,,,,,,,,,,11,,18,
2025-Washington,Washington,Hard,,,20250721,,126205,6,,Frances Tiafoe,,,,,206499,,,Aleksandar Kovacevic,,,,,7-5 3-6 6-3,,R32,115,,,,,,,,2,3,,,,,,,,,,11,,66,
2025-Stockholm,Stockholm,Hard,,,20251013,,200005,4,,Ugo Humbert,,,,,208029,1,,Holger Rune,,,,,4-6 2-2 RET,,SF,83,,,,,,,,,,,,,,,,,5,6,25,,11,
2025-Stockholm,Stockholm,Hard,,,20251013,,208029,1,,Holger Rune,,,,,144869,,,Tomas Martin Etcheverry,,,,,6-7(4) 6-3 6-4,,QF,153,,,,,,,,2,5,,,,,,,,,,11,,63,
2025-Stockholm,Stockholm,Hard,,,20251013,,208029,1,,Holger Rune,,,,,105916,,,Marton Fucsovics,,,,,6-4 6-4,,R16,108,,,,,,,,8,9,,,,,,,,,,11,,55,
2025-ShanghaiMasters,Shanghai Masters,Hard,,,20251001,,200473,,,(Q)Valentin Vacherot,,,,,208029,10,,Holger Rune,,,,,2-6 7-6(4) 6-4,,QF,179,,,,,,,,,,,,,,,,,2,4,204,,11,
2025-ShanghaiMasters,Shanghai Masters,Hard,,,20251001,,208029,10,,Holger Rune,,,,,208659,32,,Giovanni Mpetshi Perricard,,,,,6-4 6-7(7) 6-3,,R16,148,,,,,,,,3,3,,,,,,,,,,11,,37,
2025-ShanghaiMasters,Shanghai Masters,Hard,,,20251001,,208029,10,,Holger Rune,,,,,200005,21,,Ugo Humbert,,,,,6-4 6-4,,R32,94,,,,,,,,0,1,,,,,,,,,,11,,26,
2025-ShanghaiMasters,Shanghai Masters,Hard,,,20251001,,208029,10,,Holger Rune,,,,,202104,,,Sebastian Baez,,,,,7-5 6-4,,R64,106,,,,,,,,3,6,,,,,,,,,,11,,42,
2025-Tokyo,Tokyo,Hard,,,20250924,,202385,,,(PR)Jenson Brooksby,,,,,208029,3,,Holger Rune,,,,,6-3 6-3,,QF,90,,,,,,,,,,,,,,,,,3,7,86,,11,
2025-Tokyo,Tokyo,Hard,,,20250924,,208029,3,,Holger Rune,,,,,210319,,,(Q)Ethan Quinn,,,,,6-4 6-2,,R16,73,,,,,,,,1,2,,,,,,,,,,11,,81,
2025-Tokyo,Tokyo,Hard,,,20250924,,208029,3,,Holger Rune,,,,,209098,,,Hamad Medjedovic,,,,,7-6(7) 6-1,,R32,101,,,,,,,,3,4,,,,,,,,,,11,,63,
2025-LaverCup,Laver Cup,Hard,,,20250919,,202103,,,Francisco Cerundolo,,,,,208029,,,Holger Rune,,,,,6-3 7-6(5),,RR,120,,,,,,,,,,,,,,,,,3,5,21,,11,
2025-DavisCupQLSR2DENvsES,Davis Cup QLS R2: DEN vs ESP,Clay,,,20250913,,208029,,,Holger Rune,,,,,105807,,,Pablo Carreno Busta,,,,,7-5 6-3,,RR,,,,,,,,,,,,,,,,,,,,11,,123,
2025-DavisCupQLSR2DENvsES,Davis Cup QLS R2: DEN vs ESP,Clay,,,20250913,,124079,,,Pedro Martinez,,,,,208029,,,Holger Rune,,,,,6-1 4-6 7-6(3),,RR,,,,,,,,,,,,,,,,,,,,67,,11,
2025-USOpen,US Open,Hard,,,20250825,,105526,,,(Q)Jan Lennard Struff,,,,,208029,11,,Holger Rune,,,,,7-6(5) 2-6 6-3 4-6 7-5,,R64,205,,,,,,,,,,,,,,,,,6,9,144,,11,
2025-USOpen,US Open,Hard,,,20250825,,208029,11,,Holger Rune,,,,,122298,,,Botic Van De Zandschulp,,,,,6-3 7-6(4) 7-6(2),,R128,180,,,,,,,,2,5,,,,,,,,,,11,,73,
2025-CincinnatiMasters,Cincinnati Masters,Hard,,,20250807,,209279,,,(Q)Terence Atmane,,,,,208029,7,,Holger Rune,,,,,6-2 6-3,,QF,73,,,,,,,,,,,,,,,,,7,11,136,,9,
2025-CincinnatiMasters,Cincinnati Masters,Hard,,,20250807,,208029,7,,Holger Rune,,,,,210506,28,,Alex Michelsen,,,,,7-6(4) 6-3,,R32,93,,,,,,,,0,1,,,,,,,,,,9,,33,
2025-CincinnatiMasters,Cincinnati Masters,Hard,,,20250807,,208029,7,,Holger Rune,,,,,126128,,,Roman Safiullin,,,,,7-5 7-6(5),,R64,118,,,,,,,,2,4,,,,,,,,,,9,,80,
2025-CanadaMasters,Canada Masters,Hard,,,20250727,,200615,18,,Alexei Popyrin,,,,,208029,5,,Holger Rune,,,,,4-6 6-2 6-3,,R16,123,,,,,,,,,,,,,,,,,11,14,26,,9,
2025-CanadaMasters,Canada Masters,Hard,,,20250727,,208029,5,,Holger Rune,,,,,124186,29,,Alexandre Muller,,,,,6-2 6-4,,R32,65,,,,,,,,0,0,,,,,,,,,,9,,40,
2025-CanadaMasters,Canada Masters,Hard,,,20250727,,208029,5,,Holger Rune,,,,,208659,,,Giovanni Mpetshi Perricard,,,,,7-6(7) 6-3,,R64,76,,,,,,,,0,0,,,,,,,,,,9,,43,
2026-AustralianOpen,Australian Open,Hard,,,20260119,,200005,5,,Lorenzo Musetti,,,,,207830,,,Tomas Machac,,,,,5-7 6-4 6-2 5-7 6-2,,R32,267,,,,,,,,10,15,,,,,,,,,,5,,24,
2026-AustralianOpen,Australian Open,Hard,,,20260119,,200005,5,,Lorenzo Musetti,,,,,132283,,,Lorenzo Sonego,,,,,6-3 6-3 6-4,,R64,171,,,,,,,,4,6,,,,,,,,,,5,,40,
2026-AustralianOpen,Australian Open,Hard,,,20260119,,200005,5,,Lorenzo Musetti,,,,,209920,,,Raphael Collignon,,,,,4-6 7-6(3) 7-5 3-2 RET,,R128,185,,,,,,,,11,15,,,,,,,,,,5,,72,
2026-HongKong,Hong Kong,Hard,,,20260105,,122330,2,,Alexander Bublik,,,,,200005,1,,Lorenzo Musetti,,,,,7-6(2) 6-3,,F,98,,,,,,,,,,,,,,,,,4,7,11,,7,
2026-HongKong,Hong Kong,Hard,,,20260105,,200005,1,,Lorenzo Musetti,,,,,212971,,,(WC)Coleman Wong,,,,,6-4 6-4,,QF,75,,,,,,,,0,1,,,,,,,,,,7,,150,
2026-HongKong,Hong Kong,Hard,,,20260105,,200005,1,,Lorenzo Musetti,,,,,144869,,,Tomas Martin Etcheverry,,,,,6-7(3) 6-2 6-4,,R16,161,,,,,,,,1,3,,,,,,,,,,7,,57,
2025-TourFinals,Tour Finals,Hard,,,20251109,,200005,9,,Lorenzo Musetti,,,,,200282,7,,Alex De Minaur,,,,,7-5 3-6 7-5,,RR,167,,,,,,,,3,5,,,,,,,,,,9,,7,
2025-Athens,Athens,Hard,,,20251102,,200005,2,,Lorenzo Musetti,,,,,200624,,,Sebastian Korda,,,,,6-0 5-7 7-5,,SF,140,,,,,,,,3,5,,,,,,,,,,9,,52,
2025-Athens,Athens,Hard,,,20251102,,200005,2,,Lorenzo Musetti,,,,,124186,5,,Alexandre Muller,,,,,6-2 6-4,,QF,81,,,,,,,,2,3,,,,,,,,,,9,,43,
2025-Athens,Athens,Hard,,,20251102,,200005,2,,Lorenzo Musetti,,,,,107408,,,(WC)Stan Wawrinka,,,,,4-6 7-6(5) 6-4,,R16,145,,,,,,,,1,2,,,,,,,,,,9,,159,
2025-ParisMasters,Paris Masters,Hard,,,20251027,,132283,,,Lorenzo Sonego,,,,,200005,7,,Lorenzo Musetti,,,,,3-6 6-3 6-1,,R32,116,,,,,,,,,,,,,,,,,1,5,45,,8,
2025-Vienna,Vienna,Hard,,,20251020,,200005,4,,Lorenzo Musetti,,,,,144895,,,Corentin Moutet,,,,,6-3 6-4,,QF,101,,,,,,,,1,1,,,,,,,,,,8,,36,
2025-Vienna,Vienna,Hard,,,20251020,,200005,4,,Lorenzo Musetti,,,,,144869,,,Tomas Martin Etcheverry,,,,,6-3 6-4,,R16,93,,,,,,,,4,4,,,,,,,,,,8,,60,
2025-Vienna,Vienna,Hard,,,20251020,,200005,4,,Lorenzo Musetti,,,,,209098,,,(LL)Hamad Medjedovic,,,,,6-4 6-3,,R32,78,,,,,,,,0,1,,,,,,,,,,8,,67,
2026-Montpellier,Montpellier,Hard,,,20260202,,212731,,,,,,,,207733,,,Ugo Humbert,,,,,,,R32,,,,,,,,,,,,,,,,,,,,75,,33,
2026-AustralianOpen,Australian Open,Hard,,,20260119,,210097,8,,Ben Shelton,,,,,207733,,,Ugo Humbert,,,,,6-3 7-6(2) 7-6(5),,R128,157,,,,,,,,,,,,,,,,,7,10,7,,33,
2026-Adelaide,Adelaide,Hard,,,20260112,,207830,8,,Tomas Machac,,,,,207733,,,Ugo Humbert,,,,,6-4 6-7(2) 6-2,,F,143,,,,,,,,,,,,,,,,,8,12,35,,36,
2026-Adelaide,Adelaide,Hard,,,20260112,,207733,,,Ugo Humbert,,,,,200221,1,,Alejandro Davidovich Fokina,,,,,6-3 5-7 7-6(4),,SF,152,,,,,,,,0,1,,,,,,,,,,36,,15,
2026-Adelaide,Adelaide,Hard,,,20260112,,207733,,,Ugo Humbert,,,,,207686,,,(Q)Alexander Shevchenko,,,,,6-0 6-3,,QF,57,,,,,,,,3,3,,,,,,,,,,36,,104,
2026-Adelaide,Adelaide,Hard,,,20260112,,207733,,,Ugo Humbert,,,,,134868,4,,Tallon Griekspoor,,,,,6-4 6-1,,R16,78,,,,,,,,4,5,,,,,,,,,,36,,25,
2026-Adelaide,Adelaide,Hard,,,20260112,,207733,,,Ugo Humbert,,,,,209279,,,Terence Atmane,,,,,6-3 7-6(3),,R32,92,,,,,,,,3,3,,,,,,,,,,36,,64,
2026-Brisbane,Brisbane,Hard,,,20260104,,111815,7,,Cameron Norrie,,,,,207733,,,Ugo Humbert,,,,,1-6 7-6(6) 7-5,,R32,155,,,,,,,,,,,,,,,,,7,10,28,,36,
2025-Basel,Basel,Hard,,,20251020,,200221,8,,Alejandro Davidovich Fokina,,,,,207733,,,Ugo Humbert,,,,,7-6(4) 3-1 RET,,SF,80,,,,,,,,,,,,,,,,,0,1,18,,24,
2025-Basel,Basel,Hard,,,20251020,,207733,,,Ugo Humbert,,,,,124187,,,(Q)Reilly Opelka,,,,,7-6(0) 6-4,,QF,82,,,,,,,,0,0,,,,,,,,,,24,,62,
2025-Basel,Basel,Hard,,,20251020,,207733,,,Ugo Humbert,,,,,200624,,,Sebastian Korda,,,,,6-3 6-4,,R32,70,,,,,,,,3,4,,,,,,,,,,24,,56,
2025-Stockholm,Stockholm,Hard,,,20251013,,207733,4,,Ugo Humbert,,,,,132283,,,Lorenzo Sonego,,,,,6-7(3) 6-0 6-3,,QF,163,,,,,,,,12,12,,,,,,,,,,25,,47,
2025-Stockholm,Stockholm,Hard,,,20251013,,207733,4,,Ugo Humbert,,,,,126610,,,Matteo Berrettini,,,,,7-6(5) 6-3,,R16,92,,,,,,,,0,0,,,,,,,,,,25,,61,
2025-ShanghaiMasters,Shanghai Masters,Hard,,,20251001,,207733,21,,Ugo Humbert,,,,,111442,,,Jordan Thompson,,,,,6-3 7-6(4),,R64,106,,,,,,,,3,4,,,,,,,,,,26,,85,
2025-Tokyo,Tokyo,Hard,,,20250924,,202385,,,(PR)Jenson Brooksby,,,,,207733,6,,Ugo Humbert,,,,,7-6(4) 6-3,,R32,104,,,,,,,,,,,,,,,,,3,6,86,,24,
2025-USOpen,US Open,Hard,,,20250825,,200443,,,Adam Walton,,,,,207733,22,,Ugo Humbert,,,,,6-4 7-6(4) 5-7 6-1,,R128,174,,,,,,,,,,,,,,,,,3,6,85,,23,
2025-USOpen,US Open,Hard,,,20250825,,200267,,,Zizou Bergs,,,,,128034,5,,Jack Draper,,,,,W/O,,R64,,,,,,,,,,,,,,,,,,,,48,,5,
2025-USOpen,US Open,Hard,,,20250825,,128034,5,,Jack Draper,,,,,206764,,,(Q)Federico Agustin Gomez,,,,,6-4 7-5 6-7(7) 6-2,,R128,181,,,,,,,,2,4,,,,,,,,,,5,,203,
2025-Wimbledon,Wimbledon,Grass,,,20250630,,105227,,,Marin Cilic,,,,,128034,4,,Jack Draper,,,,,6-4 6-3 1-6 6-4,,R64,159,,,,,,,,,,,,,,,,,6,9,83,,4,
2025-Wimbledon,Wimbledon,Grass,,,20250630,,128034,4,,Jack Draper,,,,,202104,,,Sebastian Baez,,,,,6-2 6-2 2-1 RET,,R128,74,,,,,,,,0,0,,,,,,,,,,4,,38,
2025-QueensClub,Queen's Club,Grass,,,20250616,,208103,,,Jiri Lehecka,,,,,128034,2,,Jack Draper,,,,,6-4 4-6 7-5,,SF,127,,,,,,,,,,,,,,,,,3,5,30,,6,
2025-QueensClub,Queen's Club,Grass,,,20250616,,128034,2,,Jack Draper,,,,,206909,,,Brandon Nakashima,,,,,6-4 5-7 6-4,,QF,142,,,,,,,,10,11,,,,,,,,,,6,,32,
2025-QueensClub,Queen's Club,Grass,,,20250616,,128034,2,,Jack Draper,,,,,200615,,,Alexei Popyrin,,,,,3-6 6-2 7-6(5),,R16,133,,,,,,,,1,2,,,,,,,,,,6,,21,
2025-QueensClub,Queen's Club,Grass,,,20250616,,128034,2,,Jack Draper,,,,,202385,,,(PR)Jenson Brooksby,,,,,6-3 6-1,,R32,77,,,,,,,,0,0,,,,,,,,,,6,,149,
2025-RolandGarros,Roland Garros,Clay,,,20250526,,122330,,,Alexander Bublik,,,,,128034,5,,Jack Draper,,,,,5-7 6-3 6-2 6-4,,R16,,,,,,,,,,,,,,,,,,1,6,62,,5,
2025-RolandGarros,Roland Garros,Clay,,,20250526,,128034,5,,Jack Draper,,,,,211663,,,Joao Fonseca,,,,,6-2 6-4 6-2,,R32,,,,,,,,,2,2,,,,,,,,,,5,,65,
2025-RolandGarros,Roland Garros,Clay,,,20250526,,128034,5,,Jack Draper,,,,,104792,,,Gael Monfils,,,,,6-3 4-6 6-3 7-5,,R64,,,,,,,,,6,10,,,,,,,,,,5,,42,
2025-RolandGarros,Roland Garros,Clay,,,20250526,,128034,5,,Jack Draper,,,,,208233,,,Mattia Bellucci,,,,,3-6 6-1 6-4 6-2,,R128,,,,,,,,,4,6,,,,,,,,,,5,,68,
2025-RomeMasters,Rome Masters,Clay,,,20250507,,207989,3,,Carlos Alcaraz,,,,,128034,5,,Jack Draper,,,,,6-4 6-4,,QF,97,,,,,,,,,,,,,,,,,0,4,3,,5,
2025-RomeMasters,Rome Masters,Clay,,,20250507,,128034,5,,Jack Draper,,,,,144895,,,Corentin Moutet,,,,,1-6 6-4 6-3,,R16,140,,,,,,,,1,4,,,,,,,,,,5,,83,
2025-RomeMasters,Rome Masters,Clay,,,20250507,,128034,5,,Jack Draper,,,,,200240,,,(Q)Vit Kopriva,,,,,6-4 6-3,,R32,101,,,,,,,,4,4,,,,,,,,,,5,,92,
2025-RomeMasters,Rome Masters,Clay,,,20250507,,128034,5,,Jack Draper,,,,,209260,,,Luciano Darderi,,,,,6-1 6-4,,R64,78,,,,,,,,7,7,,,,,,,,,,5,,46,
2025-MadridMasters,Madrid Masters,Clay,,,20250423,,134770,14,,Casper Ruud,,,,,128034,5,,Jack Draper,,,,,7-5 3-6 6-4,,F,149,,,,,,,,,,,,,,,,,7,10,15,,6,
2025-MadridMasters,Madrid Masters,Clay,,,20250423,,128034,5,,Jack Draper,,,,,207518,10,,Lorenzo Musetti,,,,,6-3 7-6(4),,SF,117,,,,,,,,2,3,,,,,,,,,,6,,11,
2025-MadridMasters,Madrid Masters,Clay,,,20250423,,128034,5,,Jack Draper,,,,,208286,,,Matteo Arnaldi,,,,,6-0 6-4,,QF,77,,,,,,,,0,0,,,,,,,,,,6,,44,
2025-MadridMasters,Madrid Masters,Clay,,,20250423,,128034,5,,Jack Draper,,,,,126205,11,,Tommy Paul,,,,,6-2 6-2,,R16,68,,,,,,,,0,0,,,,,,,,,,6,,12,
2025-MadridMasters,Madrid Masters,Clay,,,20250423,,128034,5,,Jack Draper,,,,,126610,30,,Matteo Berrettini,,,,,7-6(2) 0-0 RET,,R32,58,,,,,,,,1,2,,,,,,,,,,6,,31,
2025-MadridMasters,Madrid Masters,Clay,,,20250423,,128034,5,,Jack Draper,,,,,134868,,,Tallon Griekspoor,,,,,6-3 6-4,,R64,75,,,,,,,,1,1,,,,,,,,,,6,,34,
2026-Montpellier,Montpellier,Hard,,,20260202,,212731,,,,,,,,207518,,,Arthur Fils,,,,,,,R32,,,,,,,,,,,,,,,,,,,,58,,42,
2025-CanadaMasters,Canada Masters,Hard,,,20250727,,208103,19,,Jiri Lehecka,,,,,207518,15,,Arthur Fils,,,,,3-6 6-3 6-4,,R32,112,,,,,,,,,,,,,,,,,3,5,27,,21,
2025-CanadaMasters,Canada Masters,Hard,,,20250727,,207518,15,,Arthur Fils,,,,,105807,,,Pablo Carreno Busta,,,,,6-3 6-4,,R64,88,,,,,,,,5,6,,,,,,,,,,21,,93,
2025-RolandGarros,Roland Garros,Clay,,,20250526,,126094,17,,Andrey Rublev,,,,,207518,14,,Arthur Fils,,,,,W/O,,R32,,,,,,,,,,,,,,,,,,,,15,,14,
2025-RolandGarros,Roland Garros,Clay,,,20250526,,207518,14,,Arthur Fils,,,,,144719,,,Jaume Munar,,,,,7-6(3) 7-6(4) 2-6 0-6 6-4,,R64,,,,,,,,,13,22,,,,,,,,,,14,,57,
2025-RolandGarros,Roland Garros,Clay,,,20250526,,207518,14,,Arthur Fils,,,,,111797,,,Nicolas Jarry,,,,,6-3 6-4 6-7(6) 6-3,,R128,,,,,,,,,3,3,,,,,,,,,,14,,149,
2025-RomeMasters,Rome Masters,Clay,,,20250507,,100644,2,,Alexander Zverev,,,,,207518,13,,Arthur Fils,,,,,7-6(3) 6-1,,R16,105,,,,,,,,,,,,,,,,,5,10,2,,14,
2025-RomeMasters,Rome Masters,Clay,,,20250507,,207518,13,,Arthur Fils,,,,,126774,18,,Stefanos Tsitsipas,,,,,2-6 6-4 6-2,,R32,113,,,,,,,,2,4,,,,,,,,,,14,,19,
2025-RomeMasters,Rome Masters,Clay,,,20250507,,207518,13,,Arthur Fils,,,,,134868,,,Tallon Griekspoor,,,,,6-2 6-2,,R64,67,,,,,,,,1,1,,,,,,,,,,14,,35,
2025-MadridMasters,Madrid Masters,Clay,,,20250423,,207681,,,Francisco Comesana,,,,,207518,13,,Arthur Fils,,,,,7-6(4) 6-4,,R64,105,,,,,,,,,,,,,,,,,3,7,70,,14,
2025-Barcelona,Barcelona,Clay,,,20250414,,207989,1,,Carlos Alcaraz,,,,,207518,7,,Arthur Fils,,,,,6-2 6-4,,SF,75,,,,,,,,,,,,,,,,,2,5,2,,14,
2025-Barcelona,Barcelona,Clay,,,20250414,,207518,7,,Arthur Fils,,,,,126774,3,,Stefanos Tsitsipas,,,,,2-0 RET,,QF,17,,,,,,,,0,0,,,,,,,,,,14,,16,
2025-Barcelona,Barcelona,Clay,,,20250414,,207518,7,,Arthur Fils,,,,,124079,,,Pedro Martinez,,,,,6-3 6-2,,R16,68,,,,,,,,1,1,,,,,,,,,,14,,49,
2025-Barcelona,Barcelona,Clay,,,20250414,,207518,7,,Arthur Fils,,,,,,,,(WC)Pablo Carreno Busta,,,,,7-6(6) 6-3,,R32,93,,,,,,,,3,4,,,,,,,,,,14,,99,
2025-MonteCarloMasters,Monte Carlo Masters,Clay,,,20250407,,207989,2,,Carlos Alcaraz,,,,,207518,12,,Arthur Fils,,,,,4-6 7-5 6-3,,QF,143,,,,,,,,,,,,,,,,,9,14,3,,15,
2025-MonteCarloMasters,Monte Carlo Masters,Clay,,,20250407,,207518,12,,Arthur Fils,,,,,126094,7,,Andrey Rublev,,,,,6-2 6-3,,R16,61,,,,,,,,0,1,,,,,,,,,,15,,9,
2025-MonteCarloMasters,Monte Carlo Masters,Clay,,,20250407,,207518,12,,Arthur Fils,,,,,207925,,,Flavio Cobolli,,,,,6-2 6-4,,R32,70,,,,,,,,2,2,,,,,,,,,,15,,36,
2025-MonteCarloMasters,Monte Carlo Masters,Clay,,,20250407,,207518,12,,Arthur Fils,,,,,134868,,,Tallon Griekspoor,,,,,6-7(3) 6-4 6-2,,R64,159,,,,,,,,5,5,,,,,,,,,,15,,35,
2025-MiamiMasters,Miami Masters,Hard,,,20250319,,210150,,,Jakub Mensik,,,,,207518,17,,Arthur Fils,,,,,7-6(5) 6-1,,QF,75,,,,,,,,,,,,,,,,,3,7,54,,18,
2025-MiamiMasters,Miami Masters,Hard,,,20250319,,207518,17,,Arthur Fils,,,,,100644,1,,Alexander Zverev,,,,,3-6 6-3 6-4,,R16,120,,,,,,,,1,3,,,,,,,,,,18,,2,
2025-MiamiMasters,Miami Masters,Hard,,,20250319,,207518,17,,Arthur Fils,,,,,126207,16,,Frances Tiafoe,,,,,7-6(11) 5-7 6-2,,R32,175,,,,,,,,2,5,,,,,,,,,,18,,17,
2025-MiamiMasters,Miami Masters,Hard,,,20250319,,207518,17,,Arthur Fils,,,,,209113,,,(LL)Gabriel Diallo,,,,,6-4 2-3 RET,,R64,70,,,,,,,,1,1,,,,,,,,,,18,,87,
2026-SanDiegoCH,San Diego CH,Hard,,,20260127,,208260,4,,Zachary Svajda,,,,,126207,1,,Sebastian Korda,,,,,6-4 7-6(5),,F,88,,,,,,,,,,,,,,,,,2,4,143,,53,
2026-SanDiegoCH,San Diego CH,Hard,,,20260127,,126207,1,,Sebastian Korda,,,,,200516,3,,Patrick Kypson,,,,,7-6(4) 6-2,,SF,89,,,,,,,,3,5,,,,,,,,,,53,,116,
2026-SanDiegoCH,San Diego CH,Hard,,,20260127,,126207,1,,Sebastian Korda,,,,,208119,6,,Liam Draxl,,,,,7-6(4) 6-4,,QF,95,,,,,,,,0,1,,,,,,,,,,53,,145,
2026-SanDiegoCH,San Diego CH,Hard,,,20260127,,126207,1,,Sebastian Korda,,,,,210318,,,Andre Ilagan,,,,,6-2 4-6 6-3,,R16,121,,,,,,,,5,9,,,,,,,,,,53,,356,
2026-SanDiegoCH,San Diego CH,Hard,,,20260127,,126207,1,,Sebastian Korda,,,,,212251,,,Daniel Milavsky,,,,,6-4 7-5,,R32,89,,,,,,,,4,6,,,,,,,,,,53,,397,
2026-AustralianOpen,Australian Open,Hard,,,20260119,,212103,,,(Q)Michael Zheng,,,,,126207,,,Sebastian Korda,,,,,6-4 6-4 3-6 6-7(0) 6-3,,R128,223,,,,,,,,,,,,,,,,,4,8,174,,53,
2026-Adelaide,Adelaide,Hard,,,20260112,,106423,,,Thanasi Kokkinakis,,,,,126207,,,Sebastian Korda,,,,,3-6 6-3 7-6(3),,R32,146,,,,,,,,,,,,,,,,,2,5,670,,51,
2026-Brisbane,Brisbane,Hard,,,20260104,,210506,,,Alex Michelsen,,,,,126207,,,Sebastian Korda,,,,,6-3 7-6(7),,QF,99,,,,,,,,,,,,,,,,,1,2,37,,46,
2026-Brisbane,Brisbane,Hard,,,20260104,,126207,,,Sebastian Korda,,,,,208103,3,,Jiri Lehecka,,,,,6-3 1-2 RET,,R16,46,,,,,,,,0,0,,,,,,,,,,46,,19,
2026-Brisbane,Brisbane,Hard,,,20260104,,126207,,,Sebastian Korda,,,,,200473,,,Valentin Vacherot,,,,,7-6(1) 6-3,,R32,87,,,,,,,,3,4,,,,,,,,,,46,,31,
2025-Athens,Athens,Hard,,,20251102,,126207,,,Sebastian Korda,,,,,200175,,,Miomir Kecmanovic,,,,,6-3 6-2,,QF,58,,,,,,,,1,1,,,,,,,,,,52,,54,
2025-Athens,Athens,Hard,,,20251102,,126207,,,Sebastian Korda,,,,,106000,,,Damir Dzumhur,,,,,4-6 6-3 6-3,,R16,116,,,,,,,,3,4,,,,,,,,,,52,,58,
2025-Athens,Athens,Hard,,,20251102,,126207,,,Sebastian Korda,,,,,200615,7,,Alexei Popyrin,,,,,4-6 6-3 6-4,,R32,119,,,,,,,,3,4,,,,,,,,,,52,,53,
2025-ParisMasters,Paris Masters,Hard,,,20251027,,132283,,,Lorenzo Sonego,,,,,126207,,,Sebastian Korda,,,,,6-2 6-3,,R64,88,,,,,,,,,,,,,,,,,4,9,45,,54,
2025-ParisMasters,Paris Masters,Hard,,,20251027,,126207,2,,Sebastian Korda,,,,,208316,10,,Valentin Royer,,,,,6-2 5-7 6-4,,Q2,138,,,,,,,,0,3,,,,,,,,,,54,,59,
2025-ParisMasters,Paris Masters,Hard,,,20251027,,126207,2,,Sebastian Korda,,,,,200240,,,Vit Kopriva,,,,,6-2 7-5,,Q1,83,,,,,,,,2,3,,,,,,,,,,54,,93,
2025-Stockholm,Stockholm,Hard,,,20251013,,126207,,,Sebastian Korda,,,,,111794,,,Kamil Majchrzak,,,,,6-4 4-6 7-5,,R16,153,,,,,,,,9,10,,,,,,,,,,60,,75,
2025-Stockholm,Stockholm,Hard,,,20251013,,126207,,,Sebastian Korda,,,,,200615,7,,Alexei Popyrin,,,,,6-7(4) 6-1 6-3,,R32,143,,,,,,,,3,6,,,,,,,,,,60,,48,
2026-AustralianOpen,Australian Open,Hard,,,20260119,,209260,22,,Luciano Darderi,,,,,111575,15,,Karen Khachanov,,,,,7-6(5) 3-6 6-3 6-4,,R32,203,,,,,,,,,,,,,,,,,5,8,25,,18,
2026-AustralianOpen,Australian Open,Hard,,,20260119,,111575,15,,Karen Khachanov,,,,,210460,,,(Q)Nishesh Basavareddy,,,,,6-1 6-4 6-3,,R64,117,,,,,,,,4,4,,,,,,,,,,18,,242,
2026-AustralianOpen,Australian Open,Hard,,,20260119,,111575,15,,Karen Khachanov,,,,,210506,,,Alex Michelsen,,,,,4-6 6-4 6-3 5-7 6-3,,R128,235,,,,,,,,11,13,,,,,,,,,,18,,38,
2026-HongKong,Hong Kong,Hard,,,20260105,,111581,,,(Q)Michael Mmoh,,,,,111575,4,,Karen Khachanov,,,,,7-6(2) 7-6(4),,R16,122,,,,,,,,,,,,,,,,,2,3,285,,17,
2025-ParisMasters,Paris Masters,Hard,,,20251027,,200282,6,,Alex De Minaur,,,,,111575,10,,Karen Khachanov,,,,,6-2 6-2,,R16,68,,,,,,,,,,,,,,,,,1,5,6,,14,
2025-ParisMasters,Paris Masters,Hard,,,20251027,,111575,10,,Karen Khachanov,,,,,211663,,,Joao Fonseca,,,,,6-1 3-6 6-3,,R32,110,,,,,,,,0,1,,,,,,,,,,14,,28,
2025-ParisMasters,Paris Masters,Hard,,,20251027,,111575,10,,Karen Khachanov,,,,,210319,,,(Q)Ethan Quinn,,,,,6-1 6-1,,R64,60,,,,,,,,0,0,,,,,,,,,,14,,71,
2025-Vienna,Vienna,Hard,,,20251020,,134868,,,Tallon Griekspoor,,,,,111575,5,,Karen Khachanov,,,,,6-3 5-7 6-4,,R32,123,,,,,,,,,,,,,,,,,5,7,28,,13,
2025-Almaty,Almaty,Hard,,,20251013,,105526,,,Jan Lennard Struff,,,,,111575,1,,Karen Khachanov,,,,,4-6 7-6(5) 6-3,,R16,139,,,,,,,,,,,,,,,,,7,9,98,,10,
2025-ShanghaiMasters,Shanghai Masters,Hard,,,20251001,,210234,,,(WC)Juncheng Shang,,,,,111575,9,,Karen Khachanov,,,,,7-6(3) 6-3,,R64,101,,,,,,,,,,,,,,,,,0,3,237,,10,
2025-Beijing,Beijing,Hard,,,20250925,,124186,,,Alexandre Muller,,,,,111575,5,,Karen Khachanov,,,,,4-6 7-6(5) 6-4,,R32,168,,,,,,,,,,,,,,,,,9,11,38,,10,
2025-USOpen,US Open,Hard,,,20250825,,111794,,,Kamil Majchrzak,,,,,111575,9,,Karen Khachanov,,,,,2-6 6-7(4) 6-4 7-5 7-6(5),,R64,271,,,,,,,,,,,,,,,,,5,9,76,,9,
2025-USOpen,US Open,Hard,,,20250825,,111575,9,,Karen Khachanov,,,,,210460,,,(WC)Nishesh Basavareddy,,,,,6-7(5) 6-3 7-5 6-1,,R128,189,,,,,,,,8,10,,,,,,,,,,9,,104,
2025-CincinnatiMasters,Cincinnati Masters,Hard,,,20250807,,100644,3,,Alexander Zverev,,,,,111575,14,,Karen Khachanov,,,,,7-5 3-0 RET,,R16,70,,,,,,,,,,,,,,,,,4,8,3,,12,
2025-CincinnatiMasters,Cincinnati Masters,Hard,,,20250807,,111575,14,,Karen Khachanov,,,,,202385,,,(WC)Jenson Brooksby,,,,,6-3 6-3,,R32,84,,,,,,,,2,3,,,,,,,,,,12,,101,
2025-CincinnatiMasters,Cincinnati Masters,Hard,,,20250807,,111575,14,,Karen Khachanov,,,,,208316,,,(Q)Valentin Royer,,,,,6-4 7-6(6),,R64,110,,,,,,,,1,3,,,,,,,,,,12,,104,
2025-CanadaMasters,Canada Masters,Hard,,,20250727,,210097,4,,Ben Shelton,,,,,111575,11,,Karen Khachanov,,,,,6-7(5) 6-4 7-6(3),,F,167,,,,,,,,,,,,,,,,,4,6,7,,16,
2025-CanadaMasters,Canada Masters,Hard,,,20250727,,111575,11,,Karen Khachanov,,,,,100644,1,,Alexander Zverev,,,,,6-3 4-6 7-6(4),,SF,172,,,,,,,,1,2,,,,,,,,,,16,,3,
2025-CanadaMasters,Canada Masters,Hard,,,20250727,,111575,11,,Karen Khachanov,,,,,210506,26,,Alex Michelsen,,,,,6-4 7-6(3),,QF,104,,,,,,,,6,7,,,,,,,,,,16,,34,
2025-CanadaMasters,Canada Masters,Hard,,,20250727,,111575,11,,Karen Khachanov,,,,,134770,8,,Casper Ruud,,,,,6-4 7-5,,R16,93,,,,,,,,3,4,,,,,,,,,,16,,13,
2025-CanadaMasters,Canada Masters,Hard,,,20250727,,111575,11,,Karen Khachanov,,,,,208723,,,(Q)Emilio Nava,,,,,6-7(6) 6-4 6-1,,R32,130,,,,,,,,0,1,,,,,,,,,,16,,114,
2025-CanadaMasters,Canada Masters,Hard,,,20250727,,111575,11,,Karen Khachanov,,,,,126663,,,(Q)Juan Pablo Ficovich,,,,,6-4 6-2,,R64,87,,,,,,,,7,8,,,,,,,,,,16,,140,
2026-Auckland,Auckland,Hard,,,20260112,,139377,,,(SE)Marcos Giron,,,,,209950,6,,Alex Michelsen,,,,,6-4 6-4,,R16,87,,,,,,,,,,,,,,,,,5,8,60,,37,
2026-Auckland,Auckland,Hard,,,20260112,,209950,6,,Alex Michelsen,,,,,208363,,,Mariano Navone,,,,,2-6 6-2 7-5,,R32,145,,,,,,,,2,6,,,,,,,,,,37,,74,
2026-Brisbane,Brisbane,Hard,,,20260104,,209950,,,Alex Michelsen,,,,,210530,8,,Learner Tien,,,,,6-4 6-2,,R16,75,,,,,,,,1,1,,,,,,,,,,37,,26,
2026-Brisbane,Brisbane,Hard,,,20260104,,209950,,,Alex Michelsen,,,,,105902,,,(Q)James Duckworth,,,,,6-7(4) 7-6(2) 6-3,,R32,146,,,,,,,,6,6,,,,,,,,,,37,,86,
2025-ParisMasters,Paris Masters,Hard,,,20251027,,200267,,,Zizou Bergs,,,,,209950,,,Alex Michelsen,,,,,6-3 2-6 6-2,,R64,112,,,,,,,,,,,,,,,,,4,10,41,,35,
2025-Vienna,Vienna,Hard,,,20251020,,202103,,,Francisco Cerundolo,,,,,209950,,,Alex Michelsen,,,,,6-3 6-1,,R32,68,,,,,,,,,,,,,,,,,2,6,21,,34,
2025-Almaty,Almaty,Hard,,,20251013,,144895,8,,Corentin Moutet,,,,,209950,6,,Alex Michelsen,,,,,7-5 6-4,,SF,132,,,,,,,,,,,,,,,,,7,11,41,,36,
2025-Almaty,Almaty,Hard,,,20251013,,209950,6,,Alex Michelsen,,,,,208278,,,Shintaro Mochizuki,,,,,6-3 3-6 6-2,,QF,124,,,,,,,,6,9,,,,,,,,,,36,,102,
2025-Almaty,Almaty,Hard,,,20251013,,209950,6,,Alex Michelsen,,,,,126846,,,Aleksandar Vukic,,,,,6-3 6-2,,R16,59,,,,,,,,0,0,,,,,,,,,,36,,84,
2025-Almaty,Almaty,Hard,,,20251013,,209950,6,,Alex Michelsen,,,,,202320,,,(WC)Beibit Zhukayev,,,,,6-2 6-3,,R32,72,,,,,,,,2,3,,,,,,,,,,36,,237,
2025-ShanghaiMasters,Shanghai Masters,Hard,,,20251001,,126239,,,Arthur Rinderknech,,,,,209950,28,,Alex Michelsen,,,,,6-3 6-4,,R64,106,,,,,,,,,,,,,,,,,2,6,54,,34,
2025-Tokyo,Tokyo,Hard,,,20250924,,210319,,,(Q)Ethan Quinn,,,,,209950,,,Alex Michelsen,,,,,7-5 6-2,,R32,82,,,,,,,,,,,,,,,,,5,8,81,,32,
2025-LaverCup,Laver Cup,Hard,,,20250919,,210150,,,Jakub Mensik,,,,,209950,,,Alex Michelsen,,,,,6-1 6-7(3) [10-8],,RR,95,,,,,,,,,,,,,,,,,0,4,17,,32,
2025-USOpen,US Open,Hard,,,20250825,,207681,,,Francisco Comesana,,,,,209950,28,,Alex Michelsen,,,,,1-6 6-3 6-4 6-4,,R128,157,,,,,,,,,,,,,,,,,4,9,54,,32,
2026-Montpellier,Montpellier,Hard,,,20260202,,212731,,,,,,,,210097,,,Giovanni Mpetshi Perricard,,,,,,,R32,,,,,,,,,,,,,,,,,,,,198,,61,
2026-AustralianOpen,Australian Open,Hard,,,20260119,,202104,,,Sebastian Baez,,,,,210097,,,Giovanni Mpetshi Perricard,,,,,6-4 6-4 3-6 5-7 6-3,,R128,191,,,,,,,,,,,,,,,,,6,10,36,,61,
2026-Auckland,Auckland,Hard,,,20260112,,210150,3,,Jakub Mensik,,,,,210097,,,Giovanni Mpetshi Perricard,,,,,6-4 6-2,,QF,65,,,,,,,,,,,,,,,,,5,9,18,,63,
2026-Auckland,Auckland,Hard,,,20260112,,210097,,,Giovanni Mpetshi Perricard,,,,,111815,5,,Cameron Norrie,,,,,4-6 6-3 7-6(4),,R16,122,,,,,,,,3,4,,,,,,,,,,63,,28,
2026-Auckland,Auckland,Hard,,,20260112,,210097,,,Giovanni Mpetshi Perricard,,,,,,,,(WC)Roberto Bautista Agut,,,,,6-3 7-6(2),,R32,96,,,,,,,,6,7,,,,,,,,,,63,,90,
2026-Brisbane,Brisbane,Hard,,,20260104,,206499,,,Aleksandar Kovacevic,,,,,210097,,,Giovanni Mpetshi Perricard,,,,,7-6(3) 4-6 6-3,,QF,107,,,,,,,,,,,,,,,,,4,5,58,,67,
2026-Brisbane,Brisbane,Hard,,,20260104,,210097,,,Giovanni Mpetshi Perricard,,,,,208014,,,(Q)Rinky Hijikata,,,,,4-6 7-6(5) 7-6(4),,R16,133,,,,,,,,2,3,,,,,,,,,,67,,111,
2025-Metz,Metz,Hard,,,20251102,,126964,,,(LL)Vitaliy Sachko,,,,,210097,,,Giovanni Mpetshi Perricard,,,,,7-6(10) 6-3,,R32,92,,,,,,,,,,,,,,,,,2,3,222,,59,
2025-Basel,Basel,Hard,,,20251020,,211663,,,Joao Fonseca,,,,,210097,,,Giovanni Mpetshi Perricard,,,,,7-6(6) 6-3,,R32,86,,,,,,,,,,,,,,,,,1,2,46,,33,
2025-Brussels,Brussels,Hard,,,20251013,,208103,3,,Jiri Lehecka,,,,,210097,5,,Giovanni Mpetshi Perricard,,,,,7-6(3) 7-6(7),,SF,89,,,,,,,,,,,,,,,,,2,2,17,,37,
2025-Brussels,Brussels,Hard,,,20251013,,210097,5,,Giovanni Mpetshi Perricard,,,,,207518,1,,Lorenzo Musetti,,,,,6-4 7-6(8),,QF,83,,,,,,,,0,0,,,,,,,,,,37,,8,
2025-Brussels,Brussels,Hard,,,20251013,,210097,5,,Giovanni Mpetshi Perricard,,,,,105932,,,(Q)Nikoloz Basilashvili,,,,,7-5 0-0 RET,,R16,44,,,,,,,,0,0,,,,,,,,,,37,,101,
2025-Brussels,Brussels,Hard,,,20251013,,210097,5,,Giovanni Mpetshi Perricard,,,,,200325,,,(PR)Emil Ruusuvuori,,,,,7-6(4) 6-7(5) 6-4,,R32,128,,,,,,,,4,4,,,,,,,,,,37,,608,
2025-ShanghaiMasters,Shanghai Masters,Hard,,,20251001,,210097,32,,Giovanni Mpetshi Perricard,,,,,208134,,,Luca Nardi,,,,,6-3 7-6(4),,R64,99,,,,,,,,4,5,,,,,,,,,,37,,88,
2025-Beijing,Beijing,Hard,,,20250925,,207518,4,,Lorenzo Musetti,,,,,210097,,,Giovanni Mpetshi Perricard,,,,,7-6(3) 6-7(4) 6-4,,R32,144,,,,,,,,,,,,,,,,,3,5,9,,36,
2026-Montpellier,Montpellier,Hard,,,20260202,,212731,,,,,,,,200624,,,Adrian Mannarino,,,,,,,R32,,,,,,,,,,,,,,,,,,,,71,,69,
2026-QuimperCH,Quimper CH,Hard,,,20260127,,200329,,,(Alt)Remy Bertola,,,,,200624,2,,Adrian Mannarino,,,,,7-6(5) 6-4,,R32,100,,,,,,,,,,,,,,,,,5,9,254,,69,
2026-AustralianOpen,Australian Open,Hard,,,20260119,,208014,,,(WC)Rinky Hijikata,,,,,200624,,,Adrian Mannarino,,,,,6-3 6-3 6-1,,R128,118,,,,,,,,,,,,,,,,,5,11,114,,69,
2026-Auckland,Auckland,Hard,,,20260112,,208118,,,(Q)Eliot Spizzirri,,,,,200624,,,Adrian Mannarino,,,,,6-4 6-3,,R32,80,,,,,,,,,,,,,,,,,2,5,89,,69,
2026-HongKong,Hong Kong,Hard,,,20260105,,105227,,,Marin Cilic,,,,,200624,,,Adrian Mannarino,,,,,6-3 6-2,,R32,84,,,,,,,,,,,,,,,,,3,6,70,,68,
2025-Metz,Metz,Hard,,,20251102,,209070,,,Arthur Cazaux,,,,,200624,,,Adrian Mannarino,,,,,6-3 7-6(4),,R32,107,,,,,,,,,,,,,,,,,3,4,69,,71,
2025-ParisMasters,Paris Masters,Hard,,,20251027,,105870,,,(Alt)Yannick Hanfmann,,,,,200624,3,,Adrian Mannarino,,,,,6-3 6-2,,Q1,71,,,,,,,,,,,,,,,,,3,8,125,,60,
2025-Basel,Basel,Hard,,,20251020,,200329,,,(WC)Remy Bertola,,,,,200624,1,,Adrian Mannarino,,,,,6-1 6-2,,Q1,64,,,,,,,,,,,,,,,,,4,8,268,,58,
2025-ShanghaiMasters,Shanghai Masters,Hard,,,20251001,,202103,19,,Francisco Cerundolo,,,,,200624,,,Adrian Mannarino,,,,,7-6(3) 7-6(4),,R64,143,,,,,,,,,,,,,,,,,2,4,21,,60,
2025-ShanghaiMasters,Shanghai Masters,Hard,,,20251001,,200624,,,Adrian Mannarino,,,,,126610,,,Matteo Berrettini,,,,,7-5 7-6(5),,R128,112,,,,,,,,0,0,,,,,,,,,,60,,59,
2025-Beijing,Beijing,Hard,,,20250925,,207518,4,,Lorenzo Musetti,,,,,200624,,,Adrian Mannarino,,,,,6-3 6-3,,R16,84,,,,,,,,,,,,,,,,,2,6,9,,60,
2025-Beijing,Beijing,Hard,,,20250925,,,,,(Q)Mannarino,,,,,200624,,,Adrian Mannarino,,,,,6-3 6-2,,R32,59,,,,,,,,,,,,,,,,,3,3,16,,60,
2025-Beijing,Beijing,Hard,,,20250925,,200624,1,,Adrian Mannarino,,,,,207411,5,,Jesper De Jong,,,,,6-4 6-4,,Q2,106,,,,,,,,4,6,,,,,,,,,,60,,79,
2025-Beijing,Beijing,Hard,,,20250925,,200624,1,,Adrian Mannarino,,,,,213002,,,(Alt)Andrea Vavassori,,,,,6-3 6-1,,Q1,69,,,,,,,,1,1,,,,,,,,,,60,,317,
2026-AustralianOpen,Australian Open,Hard,,,20260119,,126214,8,,Ben Shelton,,,,,200473,30,,Valentin Vacherot,,,,,6-4 6-4 7-6(5),,R32,137,,,,,,,,1,1,,,,,,,,,,7,,31,
2026-AustralianOpen,Australian Open,Hard,,,20260119,,126214,8,,Ben Shelton,,,,,208013,,,(Q)Dane Sweeny,,,,,6-3 6-2 6-2,,R64,102,,,,,,,,0,0,,,,,,,,,,7,,182,
2026-Auckland,Auckland,Hard,,,20260112,,202104,7,,Sebastian Baez,,,,,126214,1,,Ben Shelton,,,,,7-5 6-3,,QF,98,,,,,,,,,,,,,,,,,6,11,39,,8,
2026-Auckland,Auckland,Hard,,,20260112,,126214,1,,Ben Shelton,,,,,207681,,,Francisco Comesana,,,,,7-5 6-4,,R16,102,,,,,,,,6,6,,,,,,,,,,8,,68,
2025-TourFinals,Tour Finals,Hard,,,20251109,,200000,8,,Felix Auger Aliassime,,,,,126214,5,,Ben Shelton,,,,,4-6 7-6(7) 7-5,,RR,145,,,,,,,,,,,,,,,,,5,7,8,,5,
2025-ParisMasters,Paris Masters,Hard,,,20251027,,126214,5,,Ben Shelton,,,,,207925,,,Flavio Cobolli,,,,,7-6(4) 6-3,,R32,92,,,,,,,,1,1,,,,,,,,,,7,,23,
2025-Basel,Basel,Hard,,,20251020,,144719,,,Jaume Munar,,,,,126214,2,,Ben Shelton,,,,,6-3 6-4,,R16,77,,,,,,,,,,,,,,,,,5,7,42,,6,
2025-Basel,Basel,Hard,,,20251020,,126214,2,,Ben Shelton,,,,,211358,,,(Q)Kamil Majchrzak,,,,,6-7(2) 6-3 7-6(7),,R32,164,,,,,,,,4,4,,,,,,,,,,6,,70,
2025-ShanghaiMasters,Shanghai Masters,Hard,,,20251001,,105676,,,David Goffin,,,,,126214,6,,Ben Shelton,,,,,6-2 6-4,,R64,91,,,,,,,,,,,,,,,,,2,5,83,,6,
2025-USOpen,US Open,Hard,,,20250825,,105173,,,Adrian Mannarino,,,,,126214,6,,Ben Shelton,,,,,3-6 6-3 4-6 6-4 RET,,R32,187,,,,,,,,,,,,,,,,,6,9,77,,6,
2025-USOpen,US Open,Hard,,,20250825,,126214,6,,Ben Shelton,,,,,105807,,,Pablo Carreno Busta,,,,,6-4 6-2 6-4,,R64,118,,,,,,,,2,4,,,,,,,,,,6,,137,
2025-USOpen,US Open,Hard,,,20250825,,126214,6,,Ben Shelton,,,,,209860,,,(Q)Ignacio Buse,,,,,6-3 6-2 6-4,,R128,127,,,,,,,,5,5,,,,,,,,,,6,,135,
2025-CincinnatiMasters,Cincinnati Masters,Hard,,,20250807,,100644,3,,Alexander Zverev,,,,,126214,5,,Ben Shelton,,,,,6-2 6-2,,QF,77,,,,,,,,,,,,,,,,,7,11,3,,6,
2025-CincinnatiMasters,Cincinnati Masters,Hard,,,20250807,,126214,5,,Ben Shelton,,,,,208103,22,,Jiri Lehecka,,,,,6-4 6-4,,R16,81,,,,,,,,0,1,,,,,,,,,,6,,26,
2025-CincinnatiMasters,Cincinnati Masters,Hard,,,20250807,,126214,5,,Ben Shelton,,,,,105138,,,Roberto Bautista Agut,,,,,7-6(3) 6-3,,R32,109,,,,,,,,8,8,,,,,,,,,,6,,53,
2025-CincinnatiMasters,Cincinnati Masters,Hard,,,20250807,,126214,5,,Ben Shelton,,,,,200116,,,Camilo Ugo Carabelli,,,,,6-3 3-1 RET,,R64,63,,,,,,,,1,1,,,,,,,,,,6,,47,
2026-AustralianOpen,Australian Open,Hard,,,20260119,,132686,,,Nuno Borges,,,,,200615,7,,Felix Auger-Aliassime,,,,,3-6 6-4 6-4 0-0 RET,,R128,129,,,,,,,,,,,,,,,,,3,6,46,,8,
2026-UnitedCup,United Cup,Hard,,,20260102,,200267,7,,Zizou Bergs,,,,,200615,2,,Felix Auger-Aliassime,,,,,6-4 6-2,,RR,88,,,,,,,,,,,,,,,,,7,10,,,,
2026-UnitedCup,United Cup,Hard,,,20260102,,200000,2,,Auger Aliassime,,,,,200615,18,,Felix Auger-Aliassime,,,,,6-4 6-4,,RR,87,,,,,,,,,,,,,,,,,1,1,,,,
2025-TourFinals,Tour Finals,Hard,,,20251109,,207989,1,,Carlos Alcaraz,,,,,200615,8,,Felix Auger-Aliassime,,,,,6-2 6-4,,SF,82,,,,,,,,,,,,,,,,,5,8,1,,8,
2025-TourFinals,Tour Finals,Hard,,,20251109,,206173,2,,Jannik Sinner,,,,,200615,8,,Felix Auger-Aliassime,,,,,7-5 6-1,,RR,100,,,,,,,,,,,,,,,,,7,10,2,,8,
2025-TourFinals,Tour Finals,Hard,,,20251109,,200000,8,,Auger Aliassime,,,,,200615,3,,Felix Auger-Aliassime,,,,,6-4 7-6(4),,RR,127,,,,,,,,,,,,,,,,,4,4,3,,8,
2025-ParisMasters,Paris Masters,Hard,,,20251027,,206173,2,,Jannik Sinner,,,,,200615,9,,Felix Auger-Aliassime,,,,,6-4 7-6(4),,F,112,,,,,,,,,,,,,,,,,5,6,2,,10,
2025-ParisMasters,Paris Masters,Hard,,,20251027,,200000,9,,Auger Aliassime,,,,,200615,13,,Felix Auger-Aliassime,,,,,7-6(3) 6-4,,SF,96,,,,,,,,,,,,,,,,,0,2,16,,10,
2025-ParisMasters,Paris Masters,Hard,,,20251027,,200000,9,,Auger Aliassime,,,,,200615,,,Felix Auger-Aliassime,,,,,6-2 6-2,,QF,78,,,,,,,,,,,,,,,,,2,2,40,,10,
2025-ParisMasters,Paris Masters,Hard,,,20251027,,200000,9,,Auger Aliassime,,,,,200615,,,Felix Auger-Aliassime,,,,,3-6 6-3 6-2,,R16,131,,,,,,,,,,,,,,,,,4,5,50,,10,
2025-ParisMasters,Paris Masters,Hard,,,20251027,,200000,9,,Auger Aliassime,,,,,200615,,,Felix Auger-Aliassime,,,,,5-7 7-6(5) 7-6(4),,R32,184,,,,,,,,,,,,,,,,,3,5,44,,10,
2025-ParisMasters,Paris Masters,Hard,,,20251027,,200000,9,,Auger Aliassime,,,,,200615,,,Felix Auger-Aliassime,,,,,6-7(2) 6-3 6-3,,R64,138,,,,,,,,,,,,,,,,,3,5,68,,10,
2025-Basel,Basel,Hard,,,20251020,,144719,,,Jaume Munar,,,,,200615,5,,Felix Auger-Aliassime,,,,,6-3 0-0 RET,,QF,45,,,,,,,,,,,,,,,,,3,4,42,,12,
2025-Basel,Basel,Hard,,,20251020,,200000,5,,Auger Aliassime,,,,,200615,,,Felix Auger-Aliassime,,,,,7-6(2) 7-6(2),,R16,107,,,,,,,,,,,,,,,,,0,0,89,,12,
2025-Basel,Basel,Hard,,,20251020,,200000,5,,Auger Aliassime,,,,,200615,,,Felix Auger-Aliassime,,,,,6-2 7-5,,R32,110,,,,,,,,,,,,,,,,,3,4,41,,12,
2025-Brussels,Brussels,Hard,,,20251013,,200000,2,,Auger Aliassime,,,,,200615,3,,Felix Auger-Aliassime,,,,,7-6(2) 6-7(6) 6-2,,F,154,,,,,,,,,,,,,,,,,3,3,17,,13,
2025-Brussels,Brussels,Hard,,,20251013,,200000,2,,Auger Aliassime,,,,,200615,,,Felix Auger-Aliassime,,,,,7-6(2) 6-4,,SF,105,,,,,,,,,,,,,,,,,0,0,90,,13,
2025-Brussels,Brussels,Hard,,,20251013,,200000,2,,Auger Aliassime,,,,,200615,,,Felix Auger-Aliassime,,,,,6-2 7-6(6),,QF,99,,,,,,,,,,,,,,,,,3,4,111,,13,
2025-Brussels,Brussels,Hard,,,20251013,,200000,2,,Auger Aliassime,,,,,200615,,,Felix Auger-Aliassime,,,,,7-6(3) 4-6 7-6(5),,R16,173,,,,,,,,,,,,,,,,,0,2,67,,13,
2026-Brisbane1CH,Brisbane 1 CH,Hard,,,20260202,,212731,,,,,,,,207830,,,Taro Daniel,,,,,,,R16,,,,,,,,,,,,,,,,,,,,203,,374,
2026-Brisbane1CH,Brisbane 1 CH,Hard,,,20260202,,207830,,,Taro Daniel,,,,,117359,,,Jake Delaney,,,,,6-3 7-5,,R32,92,,,,,,,,1,2,,,,,,,,,,374,,475,
2025-TaipeiCH,Taipei CH,Hard,,,20251103,,105902,1,,James Duckworth,,,,,207830,,,Taro Daniel,,,,,2-6 7-6(2) 6-2,,R32,130,,,,,,,,,,,,,,,,,9,12,113,,324,
2025-SeoulCH,Seoul CH,Hard,,,20251027,,212044,,,Yi Zhou,,,,,207830,8,,Taro Daniel,,,,,6-7(8) 6-3 6-0,,R16,136,,,,,,,,,,,,,,,,,3,8,265,,275,
2025-SeoulCH,Seoul CH,Hard,,,20251027,,207830,8,,Taro Daniel,,,,,106034,,,Yasutaka Uchiyama,,,,,7-5 5-7 6-2,,R32,161,,,,,,,,4,8,,,,,,,,,,275,,312,
2025-Almaty,Almaty,Hard,,,20251013,,105062,,,(WC)Mikhail Kukushkin,,,,,207830,6,,Taro Daniel,,,,,7-6(3) 6-1,,Q1,81,,,,,,,,,,,,,,,,,1,3,289,,177,
2025-JinanCH,Jinan CH,Hard,,,20251006,,105987,,,(Q)Petr Bar Biryukov,,,,,207830,,,Taro Daniel,,,,,7-6(5) 4-6 6-3,,R32,140,,,,,,,,,,,,,,,,,1,3,304,,164,
2025-ShanghaiMasters,Shanghai Masters,Hard,,,20251001,,126129,18,,Billy Harris,,,,,207830,,,Taro Daniel,,,,,6-4 6-2,,Q1,106,,,,,,,,,,,,,,,,,9,12,133,,164,
2025-Chengdu,Chengdu,Hard,,,20250917,,207686,,,Alexander Shevchenko,,,,,207830,,,Taro Daniel,,,,,7-6(2) 3-6 6-2,,QF,135,,,,,,,,,,,,,,,,,4,6,96,,168,
2025-Chengdu,Chengdu,Hard,,,20250917,,,,,(Q)Daniel,,,,,207830,3,,Taro Daniel,,,,,3-6 6-4 6-3,,R16,115,,,,,,,,,,,,,,,,,1,2,31,,168,
2025-Chengdu,Chengdu,Hard,,,20250917,,,,,(Q)Daniel,,,,,207830,,,Taro Daniel,,,,,6-3 6-2,,R32,81,,,,,,,,,,,,,,,,,0,0,149,,168,
2025-Chengdu,Chengdu,Hard,,,20250917,,207830,,,Taro Daniel,,,,,126129,7,,Billy Harris,,,,,7-5 6-4,,Q2,92,,,,,,,,7,7,,,,,,,,,,168,,131,
2025-Chengdu,Chengdu,Hard,,,20250917,,207830,,,Taro Daniel,,,,,105902,3,,James Duckworth,,,,,7-6(4) 7-6(0),,Q1,114,,,,,,,,4,7,,,,,,,,,,168,,107,
2025-GuangzhouHuangpuCH,Guangzhou Huangpu CH,Hard,,,20250908,,129911,,,Marat Sharipov,,,,,207830,9,,Taro Daniel,,,,,7-6(5) 1-6 6-4,,R32,132,,,,,,,,,,,,,,,,,3,4,265,,168,
2025-USOpen,US Open,Hard,,,20250825,,105526,31,,Jan Lennard Struff,,,,,207830,,,Taro Daniel,,,,,2-6 6-4 6-1,,Q2,114,,,,,,,,,,,,,,,,,5,9,144,,166,
2025-USOpen,US Open,Hard,,,20250825,,207830,,,Taro Daniel,,,,,126964,,,Vitaliy Sachko,,,,,6-1 7-5,,Q1,73,,,,,,,,1,3,,,,,,,,,,166,,217,
2025-CincinnatiMasters,Cincinnati Masters,Hard,,,20250807,,123755,24,,Daniel Elahi Galan,,,,,207830,,,Taro Daniel,,,,,7-5 6-2,,Q1,103,,,,,,,,,,,,,,,,,5,9,144,,155,
